sim_time_s,wall_ahead,wall_left,wall_front_right,wall_right,left_density,center_density,right_density,mean_right,target_visible,target_direction,left_velocity,right_velocity
0.032,False,False,False,True,0.01525,0.01432,0.01042,140.769,False,,3.0,3.0
0.064,False,False,False,True,0.0119,0.01426,0.01042,177.409,False,,3.0,3.0
0.096,False,False,False,True,0.01327,0.01407,0.01042,158.931,False,,3.0,3.0
0.128,False,False,False,True,0.01327,0.01395,0.01042,158.9,False,,3.0,3.0
0.16,False,False,False,True,0.01172,0.01426,0.01042,177.425,False,,3.0,3.0
0.192,False,False,False,True,0.01246,0.01407,0.01042,168.185,False,,3.0,3.0
0.224,False,False,False,True,0.01395,0.01401,0.01042,170.125,False,,3.0,3.0
0.256,False,False,False,True,0.01333,0.01389,0.01042,170.212,False,,3.0,3.0
0.288,False,False,False,True,0.01339,0.01395,0.01042,170.355,False,,3.0,3.0
0.32,False,False,False,True,0.01339,0.01401,0.01042,171.095,False,,3.0,3.0
0.352,False,False,False,True,0.01352,0.01401,0.01042,171.801,False,,3.0,3.0
0.384,False,False,False,True,0.01339,0.01407,0.01042,172.445,False,,3.0,3.0
0.416,False,False,False,True,0.01358,0.0142,0.01042,173.074,False,,3.0,3.0
0.448,False,False,False,True,0.01327,0.0142,0.01042,173.655,False,,3.0,3.0
0.48,False,False,False,True,0.01333,0.01401,0.01042,174.201,False,,3.0,3.0
0.512,False,False,False,True,0.01327,0.01395,0.01042,174.754,False,,3.0,3.0
0.544,False,False,False,True,0.01333,0.01389,0.01042,175.173,False,,3.0,3.0
0.576,False,False,False,True,0.01333,0.01389,0.01042,175.669,False,,3.0,3.0
0.608,False,False,False,True,0.01345,0.01389,0.01042,176.166,False,,3.0,3.0
0.64,False,False,False,True,0.01333,0.01389,0.01042,176.62,False,,3.0,3.0
0.672,False,False,False,True,0.01327,0.01395,0.01042,177.038,False,,3.0,3.0
0.704,False,False,False,True,0.01321,0.01401,0.01042,177.475,False,,3.0,3.0
0.736,False,False,False,True,0.01339,0.01407,0.01042,177.867,False,,3.0,3.0
0.768,False,False,False,True,0.01321,0.01401,0.01042,178.251,False,,3.0,3.0
0.8,False,False,False,True,0.01345,0.01426,0.01042,178.615,False,,3.0,3.0
0.832,False,False,False,True,0.01352,0.01432,0.01042,178.967,False,,3.0,3.0
0.864,False,False,False,True,0.01339,0.01432,0.01042,179.279,False,,3.0,3.0
0.896,False,False,False,True,0.01339,0.0142,0.01042,179.588,False,,3.0,3.0
0.928,False,False,False,True,0.01339,0.0142,0.01042,179.886,False,,3.0,3.0
0.96,False,False,False,True,0.01345,0.01414,0.01042,180.148,False,,3.0,3.0
0.992,False,False,False,True,0.01352,0.01414,0.01042,180.4,False,,3.0,3.0
1.024,False,False,False,True,0.01352,0.01407,0.01042,180.648,False,,3.0,3.0
1.056,False,False,False,True,0.01364,0.01407,0.01042,180.862,False,,3.0,3.0
1.088,False,False,False,True,0.01339,0.01414,0.01042,181.07,False,,3.0,3.0
1.12,False,False,False,True,0.01352,0.01414,0.01042,181.275,False,,3.0,3.0
1.152,False,False,False,True,0.01352,0.01426,0.01042,181.438,False,,3.0,3.0
1.184,False,False,False,True,0.01327,0.01426,0.01042,181.615,False,,3.0,3.0
1.216,False,False,False,True,0.01339,0.01426,0.01042,181.779,False,,3.0,3.0
1.248,False,False,False,True,0.01352,0.01432,0.01042,181.929,False,,3.0,3.0
1.28,False,False,False,True,0.01333,0.01432,0.01042,182.045,False,,3.0,3.0
1.312,False,False,False,True,0.01339,0.01407,0.01042,182.232,False,,3.0,3.0
1.344,False,False,False,True,0.01333,0.01407,0.01042,182.324,False,,3.0,3.0
1.376,False,False,False,True,0.01339,0.01407,0.01042,182.452,False,,3.0,3.0
1.408,False,False,False,True,0.01339,0.01407,0.01042,182.573,False,,3.0,3.0
1.44,False,False,False,True,0.01352,0.01401,0.01042,182.673,False,,3.0,3.0
1.472,False,False,False,True,0.01345,0.01407,0.01042,182.775,False,,3.0,3.0
1.504,False,False,False,True,0.01339,0.01407,0.01042,182.874,False,,3.0,3.0
1.536,False,False,False,True,0.01339,0.01407,0.01042,182.968,False,,3.0,3.0
1.568,False,False,False,True,0.01333,0.01407,0.01042,183.059,False,,3.0,3.0
1.6,False,False,False,True,0.01339,0.01414,0.01042,183.135,False,,3.0,3.0
1.632,False,False,False,True,0.01345,0.01414,0.01042,183.208,False,,3.0,3.0
1.664,False,False,False,True,0.01345,0.01414,0.01042,183.274,False,,3.0,3.0
1.696,False,False,False,True,0.01352,0.01414,0.01042,183.338,False,,3.0,3.0
1.728,False,False,False,True,0.01345,0.01414,0.01042,183.385,False,,3.0,3.0
1.76,False,False,False,True,0.01345,0.01407,0.01042,183.41,False,,3.0,3.0
1.792,False,False,False,True,0.01352,0.01414,0.01042,183.468,False,,3.0,3.0
1.824,False,False,False,True,0.01339,0.01414,0.01042,183.486,False,,3.0,3.0
1.856,False,False,False,True,0.01352,0.01407,0.01042,183.523,False,,3.0,3.0
1.888,False,False,False,True,0.01352,0.01407,0.01042,183.541,False,,3.0,3.0
1.92,False,False,False,True,0.01339,0.0142,0.01042,183.559,False,,3.0,3.0
1.952,False,False,False,True,0.01339,0.01414,0.01042,183.568,False,,3.0,3.0
1.984,False,False,False,True,0.01333,0.0142,0.01042,183.568,False,,3.0,3.0
2.016,False,False,False,True,0.01345,0.0142,0.01042,183.568,False,,3.0,3.0
2.048,False,False,False,True,0.01352,0.0142,0.01042,183.568,False,,3.0,3.0
2.08,False,False,False,True,0.01345,0.0142,0.01042,183.568,False,,3.0,3.0
2.112,False,False,False,True,0.01345,0.01432,0.01042,183.568,False,,3.0,3.0
2.144,False,False,False,True,0.01345,0.01432,0.01042,183.568,False,,3.0,3.0
2.176,False,False,False,True,0.01339,0.01432,0.01042,183.568,False,,3.0,3.0
2.208,False,False,False,True,0.01345,0.01432,0.01042,183.568,False,,3.0,3.0
2.24,False,False,False,True,0.01345,0.01438,0.01042,183.568,False,,3.0,3.0
2.272,False,False,False,True,0.01352,0.01432,0.01042,183.568,False,,3.0,3.0
2.304,False,False,False,True,0.01352,0.01426,0.01042,183.568,False,,3.0,3.0
2.336,False,False,False,True,0.01352,0.01426,0.01042,183.568,False,,3.0,3.0
2.368,False,False,False,True,0.01345,0.01426,0.01042,183.568,False,,3.0,3.0
2.4,False,False,False,True,0.01339,0.0142,0.01042,183.568,False,,3.0,3.0
2.432,False,False,False,True,0.01352,0.0142,0.01042,183.568,False,,3.0,3.0
2.464,False,False,False,True,0.01327,0.0142,0.01042,183.568,False,,3.0,3.0
2.496,False,False,False,True,0.01345,0.01426,0.01042,183.568,False,,3.0,3.0
2.528,False,False,False,True,0.01339,0.01451,0.01042,183.568,False,,3.0,3.0
2.56,False,False,False,True,0.01358,0.01438,0.01042,183.568,False,,3.0,3.0
2.592,False,False,False,True,0.01345,0.01445,0.01042,183.568,False,,3.0,3.0
2.624,False,False,False,True,0.01352,0.01445,0.01042,183.568,False,,3.0,3.0
2.656,False,False,False,True,0.01352,0.01445,0.01042,183.568,False,,3.0,3.0
2.688,False,False,False,True,0.01345,0.01445,0.01042,183.568,False,,3.0,3.0
2.72,False,False,False,True,0.01345,0.01445,0.01042,183.568,False,,3.0,3.0
2.752,False,False,False,True,0.01358,0.01445,0.01042,183.568,False,,3.0,3.0
2.784,False,False,False,True,0.01352,0.01445,0.01042,183.568,False,,3.0,3.0
2.816,False,False,False,True,0.01333,0.01445,0.01042,183.568,False,,3.0,3.0
2.848,False,False,False,True,0.01345,0.01438,0.01042,183.568,False,,3.0,3.0
2.88,False,False,False,True,0.01327,0.01426,0.01042,183.568,False,,3.0,3.0
2.912,False,False,False,True,0.01345,0.01432,0.01042,183.568,False,,3.0,3.0
2.944,False,False,False,True,0.01352,0.01432,0.01042,183.568,False,,3.0,3.0
2.976,False,False,False,True,0.01333,0.01432,0.01042,183.568,False,,3.0,3.0
3.008,False,False,False,True,0.01339,0.01432,0.01042,183.568,False,,3.0,3.0
3.04,False,False,False,True,0.01345,0.01432,0.01042,183.568,False,,3.0,3.0
3.072,False,False,False,True,0.01345,0.01432,0.01042,183.568,False,,3.0,3.0
3.104,False,False,False,True,0.01339,0.01432,0.01042,183.568,False,,3.0,3.0
3.136,False,False,False,True,0.01345,0.01432,0.01042,183.568,False,,3.0,3.0
3.168,False,False,False,True,0.01333,0.01438,0.01042,183.568,False,,3.0,3.0
3.2,False,False,False,True,0.01327,0.01463,0.01042,183.568,False,,3.0,3.0
3.232,False,False,False,True,0.01345,0.01457,0.01042,183.568,False,,3.0,3.0
3.264,False,False,False,True,0.01333,0.01451,0.01042,183.568,False,,3.0,3.0
3.296,False,False,False,True,0.01339,0.01445,0.01042,183.568,False,,3.0,3.0
3.328,False,False,False,True,0.01339,0.01445,0.01042,183.568,False,,3.0,3.0
3.36,False,False,False,True,0.01339,0.01438,0.01042,183.568,False,,3.0,3.0
3.392,False,False,False,True,0.01352,0.01432,0.01042,183.568,False,,3.0,3.0
3.424,False,False,False,True,0.01358,0.01432,0.01042,183.568,False,,3.0,3.0
3.456,False,False,False,True,0.01364,0.01438,0.01042,183.568,False,,3.0,3.0
3.488,False,False,False,True,0.01364,0.01438,0.01042,183.568,False,,3.0,3.0
3.52,False,False,False,True,0.01364,0.01438,0.01042,183.568,False,,3.0,3.0
3.552,False,False,False,True,0.01352,0.01438,0.01042,183.568,False,,3.0,3.0
3.584,False,False,False,True,0.01352,0.01445,0.01042,183.568,False,,3.0,3.0
3.616,False,False,False,True,0.01352,0.01445,0.01042,183.568,False,,3.0,3.0
3.648,False,False,False,True,0.01345,0.01445,0.01042,183.568,False,,3.0,3.0
3.68,False,False,False,True,0.01339,0.01445,0.01042,183.568,False,,3.0,3.0
3.712,False,False,False,True,0.01345,0.01438,0.01042,183.568,False,,3.0,3.0
3.744,False,False,False,True,0.01352,0.01451,0.01042,183.568,False,,3.0,3.0
3.776,False,False,False,True,0.01345,0.01445,0.01042,183.568,False,,3.0,3.0
3.808,False,False,False,True,0.01339,0.01445,0.01042,183.568,False,,3.0,3.0
3.84,False,False,False,True,0.01345,0.01445,0.01042,183.568,False,,3.0,3.0
3.872,False,False,False,True,0.01339,0.01445,0.01042,183.568,False,,3.0,3.0
3.904,False,False,False,True,0.01339,0.01445,0.01042,183.568,False,,3.0,3.0
3.936,False,False,False,True,0.01339,0.01451,0.01042,183.568,False,,3.0,3.0
3.968,False,False,False,True,0.01352,0.01445,0.01042,183.568,False,,3.0,3.0
4.0,False,False,False,True,0.01333,0.01451,0.01042,183.568,False,,3.0,3.0
4.032,False,False,False,True,0.01339,0.01457,0.01042,183.568,False,,3.0,3.0
4.064,False,False,False,True,0.01339,0.01457,0.01042,183.568,False,,3.0,3.0
4.096,False,False,False,True,0.01345,0.01457,0.01042,183.568,False,,3.0,3.0
4.128,False,False,False,True,0.01333,0.01457,0.01042,183.568,False,,3.0,3.0
4.16,False,False,False,True,0.01339,0.01457,0.01042,183.568,False,,3.0,3.0
4.192,False,False,False,True,0.01352,0.01451,0.01042,183.568,False,,3.0,3.0
4.224,False,False,False,True,0.01352,0.01457,0.01042,183.568,False,,3.0,3.0
4.256,False,False,False,True,0.01352,0.01463,0.01042,183.568,False,,3.0,3.0
4.288,False,False,False,True,0.01345,0.01463,0.01042,183.568,False,,3.0,3.0
4.32,False,False,False,True,0.01352,0.01463,0.01042,183.568,False,,3.0,3.0
4.352,False,False,False,True,0.01364,0.01469,0.01042,183.568,False,,3.0,3.0
4.384,False,False,False,True,0.01364,0.01463,0.01042,183.568,False,,3.0,3.0
4.416,False,False,False,True,0.01358,0.01463,0.01042,183.568,False,,3.0,3.0
4.448,False,False,False,True,0.01345,0.01463,0.01042,183.568,False,,3.0,3.0
4.48,False,False,False,True,0.01352,0.01463,0.01042,183.568,False,,3.0,3.0
4.512,False,False,False,True,0.01339,0.01476,0.01042,183.568,False,,3.0,3.0
4.544,False,False,False,True,0.01352,0.01476,0.01042,183.568,False,,3.0,3.0
4.576,False,False,False,True,0.01352,0.01463,0.01042,183.568,False,,3.0,3.0
4.608,False,False,False,True,0.01339,0.01463,0.01042,183.568,False,,3.0,3.0
4.64,False,False,False,True,0.01352,0.01469,0.01042,183.568,False,,3.0,3.0
4.672,False,False,False,True,0.01345,0.01469,0.01042,183.568,False,,3.0,3.0
4.704,False,False,False,True,0.01352,0.01469,0.01042,183.568,False,,3.0,3.0
4.736,False,False,False,True,0.01358,0.01469,0.01042,183.568,False,,3.0,3.0
4.768,False,False,False,True,0.01352,0.01469,0.01042,183.568,False,,3.0,3.0
4.8,False,False,False,True,0.01352,0.01476,0.01042,183.568,False,,3.0,3.0
4.832,False,False,False,True,0.01345,0.01488,0.01042,183.568,False,,3.0,3.0
4.864,False,False,False,True,0.01352,0.01488,0.01042,183.568,False,,3.0,3.0
4.896,False,False,False,True,0.01358,0.01482,0.01042,183.568,False,,3.0,3.0
4.928,False,False,False,True,0.01358,0.01482,0.01042,183.568,False,,3.0,3.0
4.96,False,False,False,True,0.01358,0.01476,0.01042,183.568,False,,3.0,3.0
4.992,False,False,False,True,0.01358,0.01476,0.01042,183.568,False,,3.0,3.0
5.024,False,False,False,True,0.01358,0.01476,0.01042,183.568,False,,3.0,3.0
5.056,False,False,False,True,0.01358,0.01482,0.01042,183.568,False,,3.0,3.0
5.088,False,False,False,True,0.01358,0.01488,0.01042,183.568,False,,3.0,3.0
5.12,False,False,False,True,0.01358,0.01488,0.01042,183.568,False,,3.0,3.0
5.152,False,False,False,True,0.01358,0.01488,0.01042,183.568,False,,3.0,3.0
5.184,False,False,False,True,0.01705,0.01141,0.01042,183.568,False,,3.0,3.0
5.216,False,False,False,True,0.01705,0.01147,0.01042,183.568,False,,3.0,3.0
5.248,False,False,False,True,0.01711,0.01128,0.01042,183.568,False,,3.0,3.0
5.28,False,False,False,True,0.0168,0.01153,0.01042,183.568,False,,3.0,3.0
5.312,False,False,False,True,0.0168,0.01159,0.01042,183.568,False,,3.0,3.0
5.344,False,False,False,True,0.0168,0.01159,0.01042,183.568,False,,3.0,3.0
5.376,False,False,False,True,0.01662,0.01178,0.01042,183.568,False,,3.0,3.0
5.408,False,False,False,True,0.01798,0.01042,0.01042,183.568,False,,3.0,3.0
5.44,False,False,False,True,0.01798,0.01042,0.01042,183.568,False,,3.0,3.0
5.472,False,False,False,True,0.01798,0.01042,0.01042,183.568,False,,3.0,3.0
5.504,False,False,False,True,0.01792,0.01042,0.01042,183.568,False,,3.0,3.0
5.536,False,False,False,True,0.01804,0.01042,0.01042,183.701,False,,3.0,3.0
5.568,False,False,False,True,0.01804,0.01042,0.01042,183.835,False,,3.0,3.0
5.6,False,False,False,True,0.01804,0.01042,0.01042,184.102,False,,3.0,3.0
5.632,False,False,False,True,0.01798,0.01042,0.01042,184.236,False,,3.0,3.0
5.664,False,False,False,True,0.01823,0.01042,0.01042,184.503,False,,3.0,3.0
5.696,False,False,False,True,0.01804,0.01042,0.01042,184.637,False,,3.0,3.0
5.728,False,False,False,True,0.01817,0.01042,0.01042,184.904,False,,3.0,3.0
5.76,False,False,False,True,0.01823,0.01042,0.01042,185.038,False,,3.0,3.0
5.792,False,False,False,True,0.01804,0.01042,0.01042,185.305,False,,3.0,3.0
5.824,False,False,False,True,0.01817,0.01042,0.01042,185.439,False,,3.0,3.0
5.856,False,False,False,True,0.01817,0.01042,0.01042,185.573,False,,3.0,3.0
5.888,False,False,False,True,0.01817,0.01042,0.01042,185.84,False,,3.0,3.0
5.92,False,False,False,True,0.01823,0.01042,0.01042,185.974,False,,3.0,3.0
5.952,False,False,False,True,0.01817,0.01042,0.01042,186.241,False,,3.0,3.0
5.984,False,False,False,True,0.01817,0.01042,0.01042,186.375,False,,3.0,3.0
6.016,False,False,False,True,0.01823,0.01042,0.01042,186.643,False,,3.0,3.0
6.048,False,False,False,True,0.01823,0.01042,0.01042,186.776,False,,3.0,3.0
6.08,False,False,False,True,0.01823,0.01042,0.01042,187.044,False,,3.0,3.0
6.112,False,False,False,True,0.01817,0.01042,0.01042,187.178,False,,3.0,3.0
6.144,False,False,False,True,0.01817,0.01042,0.01042,187.445,False,,3.0,3.0
6.176,False,False,False,True,0.01811,0.01042,0.01042,187.579,False,,3.0,3.0
6.208,False,False,False,True,0.01817,0.01042,0.01042,187.847,False,,3.0,3.0
6.24,False,False,False,True,0.01823,0.01042,0.01042,187.98,False,,3.0,3.0
6.272,False,False,False,True,0.01811,0.01042,0.01042,188.248,False,,3.0,3.0
6.304,False,False,False,True,0.01817,0.01042,0.01042,188.382,False,,3.0,3.0
6.336,False,False,False,True,0.01811,0.01042,0.01042,188.516,False,,3.0,3.0
6.368,False,False,False,True,0.01804,0.01042,0.01042,188.784,False,,3.0,3.0
6.4,False,False,False,True,0.01823,0.01042,0.01042,188.918,False,,3.0,3.0
6.432,False,False,False,True,0.01835,0.01042,0.01042,189.186,False,,3.0,3.0
6.464,False,False,False,True,0.01829,0.01042,0.01042,189.32,False,,3.0,3.0
6.496,False,False,False,True,0.01848,0.01042,0.01042,189.588,False,,3.0,3.0
6.528,False,False,False,True,0.01848,0.01042,0.01042,189.722,False,,3.0,3.0
6.56,False,False,False,True,0.01854,0.01042,0.01042,189.99,False,,3.0,3.0
6.592,False,False,False,True,0.01854,0.01042,0.01042,190.124,False,,3.0,3.0
6.624,False,False,False,True,0.01842,0.01042,0.01042,190.392,False,,3.0,3.0
6.656,False,False,False,True,0.01842,0.01042,0.01042,190.526,False,,3.0,3.0
6.688,False,False,False,True,0.01842,0.01042,0.01042,190.794,False,,3.0,3.0
6.72,False,False,False,True,0.01848,0.01042,0.01042,190.928,False,,3.0,3.0
6.752,False,False,False,True,0.01848,0.01042,0.01042,191.062,False,,3.0,3.0
6.784,False,False,False,True,0.01835,0.01042,0.01042,191.331,False,,3.0,3.0
6.816,False,False,False,True,0.01842,0.01042,0.01042,191.465,False,,3.0,3.0
6.848,False,False,False,True,0.01854,0.01042,0.01042,191.733,False,,3.0,3.0
6.88,False,False,False,True,0.01848,0.01042,0.01042,191.867,False,,3.0,3.0
6.912,False,False,False,True,0.01835,0.01042,0.01042,192.136,False,,3.0,3.0
6.944,False,False,False,True,0.01835,0.01042,0.01042,192.27,False,,3.0,3.0
6.976,False,False,False,True,0.01854,0.01042,0.01042,192.538,False,,3.0,3.0
7.008,False,False,False,True,0.01848,0.01042,0.01042,192.673,False,,3.0,3.0
7.04,False,False,False,True,0.01854,0.01042,0.01042,192.941,False,,3.0,3.0
7.072,False,False,False,True,0.01854,0.01042,0.01042,193.075,False,,3.0,3.0
7.104,False,False,False,True,0.0186,0.01042,0.01042,193.344,False,,3.0,3.0
7.136,False,False,False,True,0.0186,0.01042,0.01042,193.478,False,,3.0,3.0
7.168,False,False,False,True,0.01854,0.01042,0.01042,193.747,False,,3.0,3.0
7.2,False,False,False,True,0.0186,0.01042,0.01042,193.881,False,,3.0,3.0
7.232,False,False,False,True,0.01866,0.01042,0.01042,194.015,False,,3.0,3.0
7.264,False,False,False,True,0.01866,0.01042,0.01042,194.284,False,,3.0,3.0
7.296,False,False,False,True,0.0186,0.01042,0.01042,194.418,False,,3.0,3.0
7.328,False,False,False,True,0.01879,0.01042,0.01042,194.686,False,,3.0,3.0
7.36,False,False,False,True,0.01879,0.01042,0.01042,194.82,False,,3.0,3.0
7.392,False,False,False,False,0.01885,0.01042,0.01042,195.089,False,,3.0,3.0
7.424,False,False,False,False,0.01879,0.01042,0.01042,195.223,False,,3.0,3.0
7.456,False,False,False,False,0.01879,0.01042,0.01042,195.492,False,,3.0,3.0
7.488,False,False,False,False,0.01879,0.01042,0.01042,195.626,False,,3.0,3.0
7.52,False,False,False,False,0.01879,0.01042,0.01042,195.894,False,,3.0,3.0
7.552,False,False,False,False,0.01891,0.01042,0.01042,196.029,False,,3.0,3.0
7.584,False,False,False,False,0.01879,0.01042,0.01042,196.297,False,,3.0,3.0
7.616,False,False,False,False,0.01879,0.01042,0.01042,196.431,False,,3.0,3.0
7.648,False,False,False,False,0.01885,0.01042,0.01042,196.685,False,,3.0,3.0
7.68,False,False,False,False,0.01897,0.01042,0.01042,196.834,False,,3.0,3.0
7.712,False,False,False,False,0.01885,0.01042,0.01042,196.968,False,,3.0,3.0
7.744,False,False,False,False,0.01879,0.01042,0.01042,197.237,False,,3.0,3.0
7.776,False,False,False,False,0.01885,0.01042,0.01042,197.371,False,,3.0,3.0
7.808,False,False,False,False,0.01885,0.01042,0.01042,197.639,False,,3.0,3.0
7.84,False,False,False,False,0.01873,0.01042,0.01042,197.774,False,,3.0,3.0
7.872,False,False,False,False,0.01879,0.01042,0.01042,198.042,False,,3.0,3.0
7.904,False,False,False,False,0.01891,0.01042,0.01042,198.176,False,,3.0,3.0
7.936,False,False,False,False,0.01891,0.01042,0.01042,198.445,False,,3.0,3.0
7.968,False,False,False,False,0.01904,0.01042,0.01042,198.579,False,,3.0,3.0
8.0,False,False,False,False,0.01897,0.01042,0.01042,198.847,False,,3.0,3.0
8.032,False,False,False,False,0.01879,0.01042,0.01042,198.982,False,,3.0,3.0
8.064,False,False,False,False,0.01891,0.01042,0.01042,199.25,False,,3.0,3.0
8.096,False,False,False,False,0.01897,0.01042,0.01042,199.384,False,,3.0,3.0
8.128,False,False,False,False,0.01904,0.01042,0.01042,199.593,False,,3.0,3.0
8.16,False,False,False,False,0.0191,0.01042,0.01042,199.787,False,,3.0,3.0
8.192,False,False,False,False,0.01928,0.01042,0.01042,199.921,False,,3.0,3.0
8.224,False,False,False,False,0.0191,0.01042,0.01042,200.19,False,,3.0,3.0
8.256,False,False,False,False,0.0191,0.01042,0.01042,200.324,False,,3.0,3.0
8.288,False,False,False,False,0.01935,0.01042,0.01042,200.592,False,,3.0,3.0
8.32,False,False,False,False,0.01904,0.01042,0.01042,200.727,False,,3.0,3.0
8.352,False,False,False,False,0.01928,0.01042,0.01042,200.995,False,,3.0,3.0
8.384,False,False,False,False,0.01935,0.01042,0.01042,201.129,False,,3.0,3.0
8.416,False,False,False,False,0.01761,0.00521,0.00521,201.275,False,,3.0,3.0
8.448,False,False,False,False,0.01773,0.00521,0.00521,201.43,False,,3.0,3.0
8.48,False,False,False,False,0.01786,0.00521,0.00521,201.677,False,,3.0,3.0
8.512,False,False,False,False,0.01755,0.00521,0.00521,201.819,False,,3.0,3.0
8.544,False,False,False,False,0.01761,0.00521,0.00521,201.971,False,,3.0,3.0
8.576,False,False,False,False,0.01742,0.00521,0.00521,202.221,False,,3.0,3.0
8.608,False,False,False,False,0.01736,0.00521,0.00521,202.363,False,,3.0,3.0
8.64,False,False,False,False,0.01742,0.00521,0.00521,202.508,False,,3.0,3.0
8.672,False,False,False,False,0.0173,0.00521,0.00521,202.657,False,,3.0,3.0
8.704,False,False,False,False,0.016,0.00521,0.00521,202.911,False,,3.0,3.0
8.736,False,False,False,False,0.0173,0.00521,0.00521,203.053,False,,3.0,3.0
8.768,False,False,False,False,0.01718,0.00521,0.00521,203.198,False,,3.0,3.0
8.8,False,False,False,False,0.01711,0.00521,0.00521,203.448,False,,3.0,3.0
8.832,False,False,False,False,0.01594,0.00521,0.00521,203.593,False,,3.0,3.0
8.864,False,False,False,False,0.01625,0.00521,0.00521,203.742,False,,3.0,3.0
8.896,False,False,False,False,0.01736,0.00521,0.00521,203.996,False,,3.0,3.0
8.928,False,False,False,False,0.016,0.00521,0.00521,204.138,False,,3.0,3.0
8.96,False,False,False,False,0.016,0.00521,0.00521,204.291,False,,3.0,3.0
8.992,False,False,False,False,0.01569,0.00521,0.00521,204.44,False,,3.0,3.0
9.024,False,False,False,False,0.01575,0.00521,0.00521,204.681,False,,3.0,3.0
9.056,False,False,False,False,0.01587,0.00521,0.00521,204.845,False,,3.0,3.0
9.088,False,False,False,False,0.01569,0.00521,0.00521,204.98,False,,3.0,3.0
9.12,False,False,False,False,0.01581,0.00521,0.00521,205.22,False,,3.0,3.0
9.152,False,False,False,False,0.01556,0.00521,0.00521,205.384,False,,3.0,3.0
9.184,False,False,False,False,0.01556,0.00521,0.00521,205.523,False,,3.0,3.0
9.216,False,False,False,False,0.01544,0.00521,0.00521,205.68,False,,3.0,3.0
9.248,False,False,False,False,0.01544,0.00521,0.00521,205.928,False,,3.0,3.0
9.28,False,False,False,False,0.01525,0.00521,0.00521,206.071,False,,3.0,3.0
9.312,False,False,False,False,0.01525,0.00521,0.00521,206.224,False,,3.0,3.0
9.344,False,False,False,False,0.01513,0.00521,0.00521,206.476,False,,3.0,3.0
9.376,False,False,False,False,0.01513,0.00521,0.00521,206.622,False,,3.0,3.0
9.408,False,False,False,False,0.01141,0.00521,0.00521,206.764,False,,3.0,3.0
9.44,False,False,False,False,0.01494,0.00521,0.00521,206.916,False,,3.0,3.0
9.472,False,False,False,False,0.01469,0.00521,0.00521,207.16,False,,3.0,3.0
9.504,False,False,False,False,0.01482,0.00521,0.00521,207.312,False,,3.0,3.0
9.536,False,False,False,False,0.01091,0.00521,0.00521,207.461,False,,3.0,3.0
9.568,False,False,False,False,0.01457,0.00521,0.00521,207.698,False,,3.0,3.0
9.6,False,False,False,False,0.01476,0.00521,0.00521,207.851,False,,3.0,3.0
9.632,False,False,False,False,0.01438,0.00521,0.00521,207.994,False,,3.0,3.0
9.664,False,False,False,False,0.01438,0.00521,0.00521,208.249,False,,3.0,3.0
9.696,False,False,False,False,0.01327,0.00521,0.00521,208.399,False,,3.0,3.0
9.728,False,False,False,False,0.01327,0.00521,0.00521,208.544,False,,3.0,3.0
9.76,False,False,False,False,0.01035,0.00521,0.00521,208.694,False,,3.0,3.0
9.792,False,False,False,False,0.01042,0.00521,0.00521,208.95,False,,3.0,3.0
9.824,False,False,False,False,0.01339,0.00521,0.00521,209.092,False,,3.0,3.0
9.856,False,False,False,False,0.01296,0.00521,0.00521,209.242,False,,3.0,3.0
9.888,False,False,False,False,0.01302,0.00521,0.00521,209.471,False,,3.0,3.0
9.92,False,False,False,False,0.00998,0.00521,0.00521,209.638,False,,3.0,3.0
9.952,False,False,False,False,0.01004,0.00521,0.00521,209.763,False,,3.0,3.0
9.984,False,False,False,False,0.01283,0.00521,0.00521,209.896,False,,3.0,3.0
10.016,False,False,False,False,0.01277,0.00521,0.00521,210.149,False,,3.0,3.0
10.048,False,False,False,False,0.0124,0.00521,0.00521,210.275,False,,3.0,3.0
10.08,False,False,False,False,0.01228,0.00521,0.00521,210.425,False,,3.0,3.0
10.112,False,False,False,False,0.0093,0.00521,0.00521,210.661,False,,3.0,3.0
10.144,False,False,False,False,0.0093,0.00521,0.00521,210.787,False,,3.0,3.0
10.176,False,False,False,False,0.00918,0.00521,0.00521,210.936,False,,3.0,3.0
10.208,False,False,False,False,0.00899,0.00521,0.00521,211.165,False,,3.0,3.0
10.24,False,False,False,False,0.00899,0.00521,0.00521,211.296,False,,3.0,3.0
10.272,False,False,False,False,0.00887,0.00521,0.00521,211.433,False,,3.0,3.0
10.304,False,False,False,False,0.00967,0.00521,0.00521,211.564,False,,3.0,3.0
10.336,False,False,False,False,0.00843,0.00521,0.00521,211.819,False,,3.0,3.0
10.368,False,False,False,False,0.00942,0.00521,0.00521,211.935,False,,3.0,3.0
10.4,False,False,False,False,0.00825,0.00521,0.00521,212.058,False,,3.0,3.0
10.432,False,False,False,False,0.00812,0.00521,0.00521,212.284,False,,3.0,3.0
10.464,False,False,False,False,0.00787,0.00521,0.00521,212.415,False,,3.0,3.0
10.496,False,False,False,False,0.00775,0.00521,0.00521,212.53,False,,3.0,3.0
10.528,False,False,False,False,0.00769,0.00521,0.00521,212.66,False,,3.0,3.0
10.56,False,False,False,False,0.00775,0.00521,0.00521,212.885,False,,3.0,3.0
10.592,False,False,False,False,0.00738,0.00521,0.00521,212.985,False,,3.0,3.0
10.624,False,False,False,False,0.00738,0.00521,0.00521,213.09,False,,3.0,3.0
10.656,False,False,False,False,0.00732,0.00521,0.00521,213.31,False,,3.0,3.0
10.688,False,False,False,False,0.00707,0.00521,0.00521,213.407,False,,3.0,3.0
10.72,False,False,False,False,0.00694,0.00521,0.00521,213.533,False,,3.0,3.0
10.752,False,False,False,False,0.00676,0.00521,0.00521,213.667,False,,3.0,3.0
10.784,False,False,False,False,0.00676,0.00521,0.00521,213.848,False,,3.0,3.0
10.816,False,False,False,False,0.00676,0.00521,0.00521,213.946,False,,3.0,3.0
10.848,False,False,False,False,0.00651,0.00521,0.00521,214.048,False,,3.0,3.0
10.88,False,False,False,False,0.00626,0.00521,0.00521,214.263,False,,3.0,3.0
10.912,False,False,False,False,0.00614,0.00521,0.00521,214.368,False,,3.0,3.0
10.944,False,False,False,False,0.00601,0.00521,0.00521,214.469,False,,3.0,3.0
10.976,False,False,False,False,0.00595,0.00521,0.00521,214.678,False,,3.0,3.0
11.008,False,False,False,False,0.0057,0.00521,0.00521,214.782,False,,3.0,3.0
11.04,False,False,False,False,0.00527,0.00521,0.00521,214.868,False,,3.0,3.0
11.072,False,False,False,False,0.00527,0.00521,0.00521,214.972,False,,3.0,3.0
11.104,False,False,False,False,0.00521,0.00521,0.00521,215.2,False,,3.0,3.0
11.136,False,False,False,False,0.00527,0.00521,0.00521,215.28,False,,3.0,3.0
11.168,False,False,False,False,0.00527,0.00521,0.00521,215.346,False,,3.0,3.0
11.2,False,False,False,False,0.00527,0.00521,0.00521,215.544,False,,3.0,3.0
11.232,False,False,False,False,0.00521,0.00521,0.00521,215.619,False,,3.0,3.0
11.264,False,False,False,False,0.00527,0.00521,0.00521,215.677,False,,3.0,3.0
11.296,False,False,False,False,0.00527,0.00521,0.00521,215.757,False,,3.0,3.0
11.328,False,False,False,False,0.00521,0.00521,0.00521,215.889,False,,3.0,3.0
11.36,False,False,False,False,0.00521,0.00521,0.00521,215.929,False,,3.0,3.0
11.392,False,False,False,False,0.00521,0.00521,0.00521,215.953,False,,3.0,3.0
11.424,False,False,False,False,0.00521,0.00521,0.00521,216.08,False,,3.0,3.0
11.456,False,False,False,False,0.00521,0.00521,0.00521,216.087,False,,3.0,3.0
11.488,False,False,False,False,0.00521,0.00521,0.00521,216.093,False,,3.0,3.0
11.52,False,False,False,False,0.00521,0.00521,0.00521,216.006,False,,3.0,3.0
11.552,False,False,False,False,0.00521,0.00521,0.00521,215.909,False,,3.0,3.0
11.584,False,False,False,False,0.00521,0.00521,0.00521,215.802,False,,3.0,3.0
11.616,False,False,False,False,0.00521,0.00521,0.00521,215.714,False,,3.0,3.0
11.648,False,False,False,False,0.00521,0.00521,0.00521,215.598,False,,3.0,3.0
11.68,False,False,False,False,0.00521,0.00521,0.00521,215.501,False,,3.0,3.0
11.712,False,False,False,False,0.00521,0.00521,0.00521,215.403,False,,3.0,3.0
11.744,False,False,False,False,0.00521,0.00521,0.00521,215.297,False,,3.0,3.0
11.776,False,False,False,False,0.00521,0.00521,0.00521,215.19,False,,3.0,3.0
11.808,False,False,False,False,0.00521,0.00521,0.00521,215.093,False,,3.0,3.0
11.84,False,False,False,False,0.00521,0.00521,0.00521,214.976,False,,3.0,3.0
11.872,False,False,False,False,0.00521,0.00521,0.00521,214.85,False,,3.0,3.0
11.904,False,False,False,False,0.00521,0.00521,0.00521,214.714,False,,3.0,3.0
11.936,False,False,False,False,0.00521,0.00521,0.00521,214.646,False,,3.0,3.0
11.968,False,False,False,False,0.00521,0.00521,0.00521,214.529,False,,3.0,3.0
12.0,False,False,False,False,0.00521,0.00521,0.00521,214.403,False,,3.0,3.0
12.032,False,False,False,False,0.00521,0.00521,0.00521,214.267,False,,3.0,3.0
12.064,False,False,False,False,0.00521,0.00521,0.00521,214.131,False,,3.0,3.0
12.096,False,False,False,False,0.00521,0.00521,0.00521,213.986,False,,3.0,3.0
12.128,False,False,False,False,0.00521,0.00521,0.00521,213.83,False,,3.0,3.0
12.16,False,False,False,False,0.00521,0.00521,0.00521,213.655,False,,3.0,3.0
12.192,False,False,False,False,0.00521,0.00521,0.00521,213.481,False,,3.0,3.0
12.224,False,False,False,False,0.00521,0.00521,0.00521,213.306,False,,3.0,3.0
12.256,False,False,False,False,0.00521,0.00521,0.00521,213.112,False,,3.0,3.0
12.288,False,False,False,False,0.00521,0.00521,0.00521,212.918,False,,3.0,3.0
12.32,False,False,False,False,0.00521,0.00521,0.00521,212.734,False,,3.0,3.0
12.352,False,False,False,False,0.00521,0.00521,0.00521,212.51,False,,3.0,3.0
12.384,False,False,False,False,0.00521,0.00521,0.00521,212.316,False,,3.0,3.0
12.416,False,False,False,False,0.00521,0.00521,0.00521,212.093,False,,3.0,3.0
12.448,False,False,False,False,0.00521,0.00521,0.00521,211.88,False,,3.0,3.0
12.48,False,False,False,False,0.00521,0.00521,0.00521,211.647,False,,3.0,3.0
12.512,False,False,False,False,0.00521,0.00521,0.00521,211.433,False,,3.0,3.0
12.544,False,False,False,False,0.00521,0.00521,0.00521,211.191,False,,3.0,3.0
12.576,False,False,False,False,0.00521,0.00521,0.00521,210.977,False,,3.0,3.0
12.608,False,False,False,False,0.00521,0.00521,0.00521,210.735,False,,3.0,3.0
12.64,False,False,False,False,0.00521,0.00521,0.00521,210.502,False,,3.0,3.0
12.672,False,False,False,False,0.00521,0.00521,0.00521,210.25,False,,3.0,3.0
12.704,False,False,False,False,0.00521,0.00521,0.00521,209.959,False,,3.0,3.0
12.736,False,False,False,False,0.00521,0.00521,0.00521,209.735,False,,3.0,3.0
12.768,False,False,False,False,0.00521,0.00521,0.00521,209.445,False,,3.0,3.0
12.8,False,False,False,False,0.00521,0.00521,0.00521,209.183,False,,3.0,3.0
12.832,False,False,False,False,0.00521,0.00521,0.00521,208.882,False,,3.0,3.0
12.864,False,False,False,False,0.00521,0.00521,0.00521,208.552,False,,3.0,3.0
12.896,False,False,False,False,0.00521,0.00521,0.00521,208.232,False,,3.0,3.0
12.928,False,False,False,False,0.00521,0.00521,0.00521,207.883,False,,3.0,3.0
12.96,False,False,False,False,0.00521,0.00521,0.00521,207.525,False,,3.0,3.0
12.992,False,False,False,False,0.00521,0.00521,0.00521,207.127,False,,3.0,3.0
13.024,False,False,False,False,0.00521,0.00521,0.00521,206.749,False,,3.0,3.0
13.056,False,False,False,False,0.00521,0.00521,0.00521,206.351,False,,3.0,3.0
13.088,False,False,False,False,0.0,0.0,0.0,205.915,False,,3.0,3.0
13.12,False,False,False,False,0.0,0.0,0.0,205.421,False,,3.0,3.0
13.152,True,False,False,False,0.0,0.0,0.0,205.023,False,,3.0,0.0
13.184,False,False,False,False,0.00521,0.00521,0.00521,208.955,False,,3.0,3.0
13.216,False,False,False,False,0.0,0.0,0.0,208.025,False,,3.0,3.0
13.248,False,False,False,False,0.0,0.0,0.0,207.038,False,,3.0,3.0
13.28,True,False,False,False,0.0,0.0,0.0,206.021,False,,3.0,0.0
13.312,True,False,False,False,0.0,0.0,0.0,209.381,False,,3.0,0.0
13.344,True,False,False,False,0.0,0.0,0.0,212.269,False,,3.0,0.0
13.376,True,False,False,False,0.0,0.0,0.0,214.199,False,,3.0,0.0
13.408,True,False,False,False,0.0,0.0,0.0,215.747,False,,3.0,0.0
13.44,True,False,False,False,0.0,0.0,0.0,216.487,False,,3.0,0.0
13.472,True,False,False,False,0.0,0.0,0.0,216.327,False,,3.0,0.0
13.504,True,False,False,False,0.0,0.0,0.0,215.737,False,,3.0,0.0
13.536,True,False,False,False,0.0,0.0,0.0,214.938,False,,3.0,0.0
13.568,True,False,False,False,0.0,0.0,0.0,214.248,False,,3.0,0.0
13.6,True,False,False,False,0.0,0.0,0.00065,213.546,False,,3.0,0.0
13.632,True,False,False,False,0.0,0.0,0.00166,212.992,False,,3.0,0.0
13.664,True,False,False,False,0.0,0.0,0.0026,212.5,False,,3.0,0.0
13.696,True,False,False,False,0.0,0.0,0.00331,212.272,False,,3.0,0.0
13.728,True,False,False,False,0.0,0.0,0.00397,212.045,False,,3.0,0.0
13.76,True,False,False,False,0.0,0.0,0.00456,211.923,False,,3.0,0.0
13.792,False,False,False,False,0.0,0.0,0.00515,211.931,False,,3.0,3.0
13.824,False,False,False,False,0.0,0.0,0.00284,213.192,False,,3.0,3.0
13.856,False,False,False,False,0.0,0.0,0.00302,212.618,False,,3.0,3.0
13.888,True,False,False,False,0.0,0.0,0.00343,211.923,False,,3.0,0.0
13.92,True,False,False,False,0.0,0.0,0.00414,211.954,False,,3.0,0.0
13.952,True,False,False,False,0.0,0.0,0.00468,212.142,False,,3.0,0.0
13.984,False,False,False,False,0.0,0.00012,0.00521,212.347,False,,3.0,3.0
14.016,False,False,False,False,0.0,0.0,0.00343,213.36,False,,3.0,3.0
14.048,False,False,False,False,0.0,0.0,0.00367,212.988,False,,3.0,3.0
14.08,True,False,False,False,0.0,0.0,0.00391,212.369,False,,3.0,0.0
14.112,True,False,False,False,0.0,0.0,0.00462,212.604,False,,3.0,0.0
14.144,False,False,False,False,0.0,0.0,0.00533,212.784,False,,3.0,3.0
14.176,False,False,False,False,0.0,0.0,0.00361,213.405,False,,3.0,3.0
14.208,False,False,False,False,0.0,0.0,0.00385,213.155,False,,3.0,3.0
14.24,True,False,False,False,0.0,0.0,0.00408,212.793,False,,3.0,0.0
14.272,False,False,False,False,0.0,0.0,0.00503,212.899,False,,3.0,3.0
14.304,False,False,False,False,0.0,0.0,0.00373,213.384,False,,3.0,3.0
14.336,False,False,False,False,0.0,0.0,0.00408,213.187,False,,3.0,3.0
14.368,True,False,False,False,0.0,0.0,0.00432,212.9,False,,3.0,0.0
14.4,False,False,False,False,0.0,0.0,0.00527,213.065,False,,3.0,3.0
14.432,False,False,False,False,0.0,0.0,0.00367,213.384,False,,3.0,3.0
14.464,False,False,False,False,0.0,0.0,0.00373,213.255,False,,3.0,3.0
14.496,True,False,False,False,0.0,0.0,0.00379,213.065,False,,3.0,0.0
14.528,False,False,False,False,0.0,0.0,0.00509,213.135,False,,3.0,3.0
14.56,False,False,False,False,0.0,0.0,0.00391,213.318,False,,3.0,3.0
14.592,False,False,False,False,0.0,0.0,0.00391,213.257,False,,3.0,3.0
14.624,True,False,False,False,0.0,0.0,0.00408,213.142,False,,3.0,0.0
14.656,False,False,False,False,0.0,0.0,0.00521,213.226,False,,3.0,3.0
14.688,False,False,False,False,0.0,0.0,0.00373,213.311,False,,3.0,3.0
14.72,False,False,False,False,0.0,0.0,0.00385,213.273,False,,3.0,3.0
14.752,True,False,False,False,0.0,0.0,0.00397,213.241,False,,3.0,0.0
14.784,False,False,False,False,0.0,0.0,0.00509,213.243,False,,3.0,3.0
14.816,False,False,False,False,0.0,0.0,0.00355,213.208,False,,3.0,3.0
14.848,False,False,False,False,0.0,0.0,0.00361,213.236,False,,3.0,3.0
14.88,True,False,False,False,0.0,0.0,0.00373,213.25,False,,3.0,0.0
14.912,True,False,False,False,0.0,0.0,0.00497,213.213,False,,3.0,0.0
14.944,False,False,False,False,0.0,0.0,0.00616,213.169,False,,3.0,3.0
14.976,False,False,False,False,0.0,0.0,0.00497,212.848,False,,3.0,3.0
15.008,False,False,False,False,0.0,0.0,0.00509,213.058,False,,3.0,3.0
15.04,False,False,False,False,0.0,0.0,0.00527,213.177,False,,3.0,3.0
15.072,False,False,False,False,0.0,0.0,0.00491,213.229,False,,3.0,3.0
15.104,False,False,False,False,0.0,0.0,0.00462,213.229,False,,3.0,3.0
15.136,True,False,False,False,0.0,0.0,0.0042,213.244,False,,3.0,0.0
15.168,False,False,False,False,0.0,0.0,0.00562,213.178,False,,3.0,3.0
15.2,False,False,False,False,0.0,0.0,0.00456,212.804,False,,3.0,3.0
15.232,False,False,False,False,0.0,0.0,0.00462,212.984,False,,3.0,3.0
15.264,True,False,False,False,0.0,0.0,0.00456,213.193,False,,3.0,0.0
15.296,False,False,False,False,0.0,0.0,0.0061,213.125,False,,3.0,3.0
15.328,False,False,False,False,0.0,0.0,0.00479,212.609,False,,3.0,3.0
15.36,False,False,False,False,0.0,0.0,0.00539,212.827,False,,3.0,3.0
15.392,False,False,False,False,0.0,0.0,0.00539,212.873,False,,3.0,3.0
15.424,False,True,False,False,0.0,0.0,0.00556,212.909,False,,3.0,0.0
15.456,False,True,False,False,0.0,0.0,0.00722,212.714,False,,3.0,0.0
15.488,False,True,False,False,0.0,0.0,0.01125,212.483,False,,3.0,0.0
15.52,False,True,False,False,0.0,0.00012,0.01616,212.22,False,,3.0,0.0
15.552,False,True,False,False,0.0,0.00186,0.01669,212.209,False,,3.0,0.0
15.584,False,True,False,False,0.0,0.00347,0.0148,212.885,False,,3.0,0.0
15.616,False,True,False,False,0.0,0.00515,0.01391,213.692,False,,3.0,0.0
15.648,False,True,False,False,0.0,0.00651,0.01326,214.501,False,,3.0,0.0
15.68,False,True,False,False,0.0,0.00787,0.01267,215.227,False,,3.0,0.0
15.712,False,True,False,False,0.0,0.00949,0.01184,215.877,False,,3.0,0.0
15.744,False,True,False,False,0.00118,0.01221,0.00876,216.392,False,,3.0,0.0
15.776,False,True,False,False,0.00279,0.01519,0.00521,216.471,False,,3.0,0.0
15.808,False,True,False,False,0.00422,0.01445,0.00521,216.092,False,,3.0,0.0
15.84,False,False,False,False,0.0057,0.01383,0.00521,215.247,False,,3.0,3.0
15.872,False,False,False,False,0.0057,0.01376,0.00521,215.342,False,,3.0,3.0
15.904,False,False,False,False,0.0057,0.01383,0.00521,215.437,False,,3.0,3.0
15.936,False,False,False,False,0.00577,0.01383,0.00521,215.535,False,,3.0,3.0
15.968,False,False,False,False,0.00577,0.01389,0.00521,215.62,False,,3.0,3.0
16.0,False,False,False,False,0.00577,0.01389,0.00521,215.699,False,,3.0,3.0
16.032,False,False,False,False,0.00577,0.01383,0.00521,215.797,False,,3.0,3.0
16.064,False,False,False,False,0.00577,0.01383,0.00521,215.858,False,,3.0,3.0
16.096,False,False,False,False,0.00577,0.01383,0.00521,215.946,False,,3.0,3.0
16.128,False,False,False,False,0.0057,0.01376,0.00521,216.016,False,,3.0,3.0
16.16,False,False,False,False,0.0057,0.01376,0.00521,216.067,False,,3.0,3.0
16.192,False,False,False,False,0.00577,0.01376,0.00521,216.138,False,,3.0,3.0
16.224,False,False,False,False,0.00577,0.0137,0.00521,216.193,False,,3.0,3.0
16.256,False,False,False,False,0.00577,0.0137,0.00521,216.236,False,,3.0,3.0
16.288,False,False,False,False,0.00577,0.0137,0.00521,216.28,False,,3.0,3.0
16.32,False,False,False,False,0.00577,0.0137,0.00521,216.307,False,,3.0,3.0
16.352,False,False,False,False,0.00577,0.0137,0.00521,216.326,False,,3.0,3.0
16.384,False,False,False,False,0.00577,0.0137,0.00521,216.353,False,,3.0,3.0
16.416,False,False,False,False,0.0057,0.0137,0.00521,216.402,False,,3.0,3.0
16.448,False,False,False,False,0.0057,0.0137,0.00521,216.437,False,,3.0,3.0
16.48,False,False,False,False,0.0057,0.01376,0.00521,216.457,False,,3.0,3.0
16.512,False,False,False,False,0.0057,0.01376,0.00521,216.467,False,,3.0,3.0
16.544,False,False,False,False,0.0057,0.01376,0.00521,216.476,False,,3.0,3.0
16.576,False,False,False,False,0.0057,0.01376,0.00521,216.485,False,,3.0,3.0
16.608,False,False,False,False,0.0057,0.01376,0.00521,216.496,False,,3.0,3.0
16.64,False,False,False,False,0.0057,0.01376,0.00521,216.48,False,,3.0,3.0
16.672,False,False,False,False,0.0057,0.01376,0.00521,216.481,False,,3.0,3.0
16.704,False,False,False,False,0.0057,0.01376,0.00521,216.473,False,,3.0,3.0
16.736,False,False,False,False,0.0057,0.01575,0.01042,216.465,False,,3.0,3.0
16.768,False,False,False,False,0.0057,0.01383,0.00521,216.44,False,,3.0,3.0
16.8,False,False,False,False,0.0057,0.01383,0.00521,216.417,False,,3.0,3.0
16.832,False,False,False,False,0.0057,0.0137,0.00521,216.408,False,,3.0,3.0
16.864,False,False,False,False,0.0057,0.0137,0.00521,216.384,False,,3.0,3.0
16.896,False,False,False,False,0.0057,0.0137,0.00521,216.351,False,,3.0,3.0
16.928,False,False,False,False,0.0057,0.0137,0.00521,216.326,False,,3.0,3.0
16.96,False,False,False,False,0.0057,0.0137,0.00521,216.285,False,,3.0,3.0
16.992,False,False,False,False,0.0057,0.0137,0.00521,216.245,False,,3.0,3.0
17.024,False,False,False,False,0.0057,0.0137,0.00521,216.196,False,,3.0,3.0
17.056,False,False,False,False,0.0057,0.0137,0.00521,216.163,False,,3.0,3.0
17.088,False,False,False,False,0.0057,0.0137,0.00521,216.114,False,,3.0,3.0
17.12,False,False,False,False,0.0057,0.0137,0.00521,216.058,False,,3.0,3.0
17.152,False,False,False,False,0.0057,0.0137,0.00521,215.992,False,,3.0,3.0
17.184,False,False,False,False,0.0057,0.0137,0.00521,215.926,False,,3.0,3.0
17.216,False,False,False,False,0.0057,0.0137,0.00521,215.87,False,,3.0,3.0
17.248,False,False,False,False,0.0057,0.01376,0.00521,215.806,False,,3.0,3.0
17.28,False,False,False,False,0.0057,0.01376,0.00521,215.748,False,,3.0,3.0
17.312,False,False,False,False,0.0057,0.01376,0.00521,215.673,False,,3.0,3.0
17.344,False,False,False,False,0.0057,0.01376,0.00521,215.599,False,,3.0,3.0
17.376,False,False,False,False,0.0057,0.01376,0.00521,215.511,False,,3.0,3.0
17.408,False,False,False,False,0.0057,0.01376,0.00521,215.438,False,,3.0,3.0
17.44,False,False,False,False,0.0057,0.01376,0.00521,215.349,False,,3.0,3.0
17.472,False,False,False,False,0.0057,0.01383,0.00521,215.267,False,,3.0,3.0
17.504,False,False,False,False,0.0057,0.01383,0.00521,215.162,False,,3.0,3.0
17.536,False,False,False,False,0.0057,0.01383,0.00521,215.064,False,,3.0,3.0
17.568,False,False,False,False,0.0057,0.01383,0.00521,214.966,False,,3.0,3.0
17.6,False,False,False,False,0.0057,0.01383,0.00521,214.846,False,,3.0,3.0
17.632,False,False,False,False,0.0057,0.01383,0.00521,214.741,False,,3.0,3.0
17.664,False,False,False,False,0.0057,0.0137,0.00521,214.643,False,,3.0,3.0
17.696,False,False,False,False,0.0057,0.0137,0.00521,214.531,False,,3.0,3.0
17.728,False,False,False,False,0.0057,0.0137,0.00521,214.411,False,,3.0,3.0
17.76,False,False,False,False,0.0057,0.0137,0.00521,214.29,False,,3.0,3.0
17.792,False,False,False,False,0.0057,0.0137,0.00521,214.17,False,,3.0,3.0
17.824,False,False,False,False,0.0057,0.0137,0.00521,214.043,False,,3.0,3.0
17.856,False,False,False,False,0.0057,0.0137,0.00521,213.915,False,,3.0,3.0
17.888,False,False,False,False,0.0057,0.0137,0.00521,213.787,False,,3.0,3.0
17.92,False,False,False,False,0.0057,0.0137,0.00521,213.644,False,,3.0,3.0
17.952,False,False,False,False,0.0057,0.0137,0.00521,213.494,False,,3.0,3.0
17.984,False,False,False,False,0.0057,0.0137,0.00521,213.381,False,,3.0,3.0
18.016,False,False,False,False,0.0057,0.0137,0.00521,213.269,False,,3.0,3.0
18.048,False,False,False,False,0.0057,0.0137,0.00521,213.058,False,,3.0,3.0
18.08,False,False,False,False,0.0057,0.0137,0.00521,212.916,False,,3.0,3.0
18.112,False,False,False,False,0.0057,0.01383,0.00521,212.746,False,,3.0,3.0
18.144,False,False,False,False,0.0057,0.01376,0.00521,212.592,False,,3.0,3.0
18.176,False,False,False,False,0.0057,0.01376,0.00521,212.414,False,,3.0,3.0
18.208,False,False,False,False,0.0057,0.01376,0.00521,212.275,False,,3.0,3.0
18.24,False,False,False,False,0.0057,0.01376,0.00521,212.105,False,,3.0,3.0
18.272,False,False,False,False,0.0057,0.01376,0.00521,211.949,False,,3.0,3.0
18.304,False,False,False,False,0.0057,0.01376,0.00521,211.788,False,,3.0,3.0
18.336,False,False,False,False,0.0057,0.01376,0.00521,211.632,False,,3.0,3.0
18.368,False,False,False,False,0.0057,0.01376,0.00521,211.471,False,,3.0,3.0
18.4,False,False,False,False,0.0057,0.0137,0.00521,211.308,False,,3.0,3.0
18.432,False,False,False,False,0.0057,0.0137,0.00521,211.146,False,,3.0,3.0
18.464,False,False,False,False,0.0057,0.01376,0.00521,210.998,False,,3.0,3.0
18.496,False,False,False,False,0.0057,0.01376,0.00521,210.83,False,,3.0,3.0
18.528,False,False,False,False,0.0057,0.01376,0.00521,210.674,False,,3.0,3.0
18.56,False,False,False,False,0.0057,0.01376,0.00521,210.528,False,,3.0,3.0
18.592,False,False,False,False,0.0057,0.01376,0.00521,210.35,False,,3.0,3.0
18.624,False,False,False,False,0.0057,0.01376,0.00521,210.189,False,,3.0,3.0
18.656,False,False,False,False,0.0057,0.01376,0.00521,210.033,False,,3.0,3.0
18.688,False,False,False,False,0.0057,0.01383,0.00521,209.862,False,,3.0,3.0
18.72,False,False,False,False,0.0057,0.01383,0.00521,209.716,False,,3.0,3.0
18.752,False,False,False,False,0.0057,0.01383,0.00521,209.561,False,,3.0,3.0
18.784,False,False,False,False,0.0057,0.01383,0.00521,209.392,False,,3.0,3.0
18.816,False,False,False,False,0.0057,0.01383,0.00521,209.222,False,,3.0,3.0
18.848,False,False,False,False,0.0057,0.01383,0.00521,209.083,False,,3.0,3.0
18.88,False,False,False,False,0.0057,0.01383,0.00521,208.905,False,,3.0,3.0
18.912,False,False,False,False,0.0057,0.01383,0.00521,208.752,False,,3.0,3.0
18.944,False,False,False,False,0.0057,0.01383,0.00521,208.744,False,,3.0,3.0
18.976,False,False,False,False,0.0057,0.01383,0.00521,208.717,False,,3.0,3.0
19.008,False,False,False,False,0.0057,0.01383,0.00521,208.835,False,,3.0,3.0
19.04,False,False,False,False,0.0057,0.01376,0.00521,208.823,False,,3.0,3.0
19.072,False,False,False,False,0.0057,0.01376,0.00521,208.941,False,,3.0,3.0
19.104,False,False,False,False,0.0057,0.01376,0.00521,208.921,False,,3.0,3.0
19.136,False,False,False,False,0.0057,0.01376,0.00521,209.048,False,,3.0,3.0
19.168,False,False,False,False,0.0057,0.01376,0.00521,209.028,False,,3.0,3.0
19.2,False,False,False,False,0.0057,0.01376,0.00521,209.154,False,,3.0,3.0
19.232,False,False,False,False,0.0057,0.01376,0.00521,209.135,False,,3.0,3.0
19.264,False,False,False,False,0.0057,0.01376,0.00521,209.247,False,,3.0,3.0
19.296,False,False,False,False,0.0057,0.01376,0.00521,209.235,False,,3.0,3.0
19.328,False,False,False,False,0.0057,0.01376,0.00521,209.273,False,,3.0,3.0
19.36,False,False,False,False,0.0057,0.01376,0.00521,209.343,False,,3.0,3.0
19.392,False,False,False,False,0.0057,0.01389,0.00521,209.322,False,,3.0,3.0
19.424,False,False,False,False,0.0057,0.01389,0.00521,209.444,False,,3.0,3.0
19.456,False,False,False,False,0.0057,0.01389,0.00521,209.423,False,,3.0,3.0
19.488,False,False,False,False,0.0057,0.01389,0.00521,209.553,False,,3.0,3.0
19.52,False,False,False,False,0.0057,0.01389,0.00521,209.54,False,,3.0,3.0
19.552,False,False,False,False,0.0057,0.01383,0.00521,209.655,False,,3.0,3.0
19.584,False,False,False,False,0.0057,0.01376,0.00521,209.634,False,,3.0,3.0
19.616,False,False,False,False,0.0057,0.0137,0.00521,209.765,False,,3.0,3.0
19.648,False,False,False,False,0.0057,0.01376,0.00521,209.692,False,,3.0,3.0
19.68,False,False,False,False,0.0057,0.01376,0.00521,209.867,False,,3.0,3.0
19.712,False,False,False,False,0.0057,0.01376,0.00521,209.853,False,,3.0,3.0
19.744,False,False,False,False,0.0057,0.01376,0.00521,209.974,False,,3.0,3.0
19.776,False,False,False,False,0.0057,0.01376,0.00521,209.946,False,,3.0,3.0
19.808,False,False,False,False,0.0057,0.01376,0.00521,210.074,False,,3.0,3.0
19.84,False,False,False,False,0.0057,0.01383,0.00521,210.068,False,,3.0,3.0
19.872,False,False,False,False,0.0057,0.01383,0.00521,210.19,False,,3.0,3.0
19.904,False,False,False,False,0.0057,0.01383,0.00521,210.176,False,,3.0,3.0
19.936,False,False,False,False,0.0057,0.01383,0.00521,210.149,False,,3.0,3.0
19.968,False,False,False,False,0.0057,0.01383,0.00521,210.268,False,,3.0,3.0
20.0,False,False,False,False,0.0057,0.01383,0.00521,210.249,False,,3.0,3.0
20.032,False,False,False,False,0.0057,0.01383,0.00521,210.375,False,,3.0,3.0
20.064,False,False,False,False,0.0057,0.01383,0.00521,210.334,False,,3.0,3.0
20.096,False,False,False,False,0.0057,0.01376,0.00521,210.438,False,,3.0,3.0
20.128,False,False,False,False,0.0057,0.01376,0.00521,210.411,False,,3.0,3.0
20.16,False,False,False,False,0.0057,0.01376,0.00521,210.522,False,,3.0,3.0
20.192,False,False,False,False,0.0057,0.01376,0.00521,210.495,False,,3.0,3.0
20.224,False,False,False,False,0.0057,0.0137,0.00521,210.599,False,,3.0,3.0
20.256,False,False,False,False,0.0057,0.01376,0.00521,210.572,False,,3.0,3.0
20.288,False,False,False,False,0.0057,0.01376,0.00521,210.669,False,,3.0,3.0
20.32,False,False,False,False,0.0057,0.01376,0.00521,210.657,False,,3.0,3.0
20.352,False,False,False,False,0.0057,0.01376,0.00521,210.753,False,,3.0,3.0
20.384,False,False,False,False,0.0057,0.01383,0.00521,210.734,False,,3.0,3.0
20.416,False,False,False,False,0.0057,0.01383,0.00521,210.852,False,,3.0,3.0
20.448,False,False,False,False,0.0057,0.01383,0.00521,210.847,False,,3.0,3.0
20.48,False,False,False,False,0.0057,0.01383,0.00521,210.929,False,,3.0,3.0
20.512,False,False,False,False,0.0057,0.01383,0.00521,210.892,False,,3.0,3.0
20.544,False,False,False,False,0.0057,0.01376,0.00521,210.996,False,,3.0,3.0
20.576,False,False,False,False,0.0057,0.01376,0.00521,210.967,False,,3.0,3.0
20.608,False,False,False,False,0.0057,0.01376,0.00521,211.07,False,,3.0,3.0
20.64,False,False,False,False,0.0057,0.01376,0.00521,211.048,False,,3.0,3.0
20.672,False,False,False,False,0.0057,0.01376,0.00521,211.152,False,,3.0,3.0
20.704,False,False,False,False,0.0057,0.01376,0.00521,211.115,False,,3.0,3.0
20.736,False,False,False,False,0.0057,0.01376,0.00521,211.234,False,,3.0,3.0
20.768,False,False,False,False,0.0057,0.01383,0.00521,211.197,False,,3.0,3.0
20.8,False,False,False,False,0.0057,0.01383,0.00521,211.308,False,,3.0,3.0
20.832,False,False,False,False,0.0057,0.01383,0.00521,211.273,False,,3.0,3.0
20.864,False,False,False,False,0.0057,0.01383,0.00521,211.376,False,,3.0,3.0
20.896,False,False,False,False,0.0057,0.01383,0.00521,211.517,False,,3.0,3.0
20.928,False,False,False,False,0.0057,0.01383,0.00521,211.495,False,,3.0,3.0
20.96,False,False,False,False,0.0057,0.01376,0.00521,211.615,False,,3.0,3.0
20.992,False,False,False,False,0.0057,0.01376,0.00521,211.6,False,,3.0,3.0
21.024,False,False,False,False,0.0057,0.01376,0.00521,211.718,False,,3.0,3.0
21.056,False,False,False,False,0.0057,0.01376,0.00521,211.674,False,,3.0,3.0
21.088,False,False,False,False,0.0057,0.01376,0.00521,211.814,False,,3.0,3.0
21.12,False,False,False,False,0.00577,0.01376,0.00521,211.784,False,,3.0,3.0
21.152,False,False,False,False,0.00577,0.01376,0.00521,211.909,False,,3.0,3.0
21.184,False,False,False,False,0.00577,0.01376,0.00521,211.887,False,,3.0,3.0
21.216,False,False,False,False,0.00577,0.01376,0.00521,212.012,False,,3.0,3.0
21.248,False,False,False,False,0.00577,0.01389,0.00521,211.969,False,,3.0,3.0
21.28,False,False,False,False,0.00577,0.01389,0.00521,212.116,False,,3.0,3.0
21.312,False,False,False,False,0.00577,0.01383,0.00521,211.969,False,,3.0,3.0
21.344,False,False,False,False,0.00577,0.01383,0.00521,212.116,False,,3.0,3.0
21.376,False,False,False,False,0.00577,0.01383,0.00521,211.97,False,,3.0,3.0
21.408,False,False,False,False,0.00577,0.01383,0.00521,211.97,False,,3.0,3.0
21.44,False,False,False,False,0.00577,0.01383,0.00521,212.118,False,,3.0,3.0
21.472,False,False,False,False,0.00577,0.01383,0.00521,211.971,False,,3.0,3.0
21.504,False,False,False,False,0.00577,0.01389,0.00521,212.119,False,,3.0,3.0
21.536,False,False,False,False,0.00577,0.01389,0.00521,211.973,False,,3.0,3.0
21.568,False,False,False,False,0.00577,0.01389,0.00521,212.12,False,,3.0,3.0
21.6,False,False,False,False,0.00577,0.01389,0.00521,211.974,False,,3.0,3.0
21.632,False,False,False,False,0.00577,0.01389,0.00521,211.975,False,,3.0,3.0
21.664,False,False,False,False,0.00577,0.01376,0.00521,211.975,False,,3.0,3.0
21.696,False,False,False,False,0.00577,0.01383,0.00521,211.977,False,,3.0,3.0
21.728,False,False,False,False,0.00577,0.01383,0.00521,211.977,False,,3.0,3.0
21.76,False,False,False,False,0.00577,0.01383,0.00521,211.978,False,,3.0,3.0
21.792,False,False,False,False,0.00577,0.01383,0.00521,211.98,False,,3.0,3.0
21.824,False,False,False,False,0.00577,0.01383,0.00521,211.98,False,,3.0,3.0
21.856,False,False,False,False,0.00577,0.01383,0.00521,211.982,False,,3.0,3.0
21.888,False,False,False,False,0.00577,0.01389,0.00521,211.982,False,,3.0,3.0
21.92,False,False,False,False,0.00577,0.01389,0.00521,211.984,False,,3.0,3.0
21.952,False,False,False,False,0.00577,0.01389,0.00521,211.948,False,,3.0,3.0
21.984,False,False,False,False,0.00577,0.01383,0.00521,211.986,False,,3.0,3.0
22.016,False,False,False,False,0.00577,0.01383,0.00521,211.826,False,,3.0,3.0
22.048,False,False,False,False,0.00577,0.01383,0.00521,211.966,False,,3.0,3.0
22.08,False,False,False,False,0.00577,0.01383,0.00521,211.953,False,,3.0,3.0
22.112,False,False,False,False,0.00577,0.01389,0.00521,211.946,False,,3.0,3.0
22.144,False,False,False,False,0.00577,0.01389,0.00521,211.763,False,,3.0,3.0
22.176,False,False,False,False,0.00577,0.01389,0.00521,211.631,False,,3.0,3.0
22.208,False,False,False,False,0.00577,0.01389,0.00521,211.601,False,,3.0,3.0
22.24,False,False,False,False,0.00577,0.01389,0.00521,211.479,False,,3.0,3.0
22.272,False,False,False,False,0.00577,0.01383,0.00521,211.426,False,,3.0,3.0
22.304,False,False,False,False,0.00577,0.01383,0.00521,211.294,False,,3.0,3.0
22.336,False,False,False,False,0.00577,0.01383,0.00521,211.186,False,,3.0,3.0
22.368,False,False,False,False,0.00577,0.01383,0.00521,211.16,False,,3.0,3.0
22.4,False,False,False,False,0.00577,0.01383,0.00521,211.054,False,,3.0,3.0
22.432,False,False,False,False,0.00577,0.01389,0.00521,210.895,False,,3.0,3.0
22.464,False,False,False,False,0.00577,0.01389,0.00521,210.924,False,,3.0,3.0
22.496,False,False,False,False,0.0057,0.01389,0.00521,210.775,False,,3.0,3.0
22.528,False,False,False,False,0.0057,0.01383,0.00521,210.761,False,,3.0,3.0
22.56,False,False,False,False,0.0057,0.01383,0.00521,210.629,False,,3.0,3.0
22.592,False,False,False,False,0.0057,0.01383,0.00521,210.453,False,,3.0,3.0
22.624,False,False,False,False,0.0057,0.01383,0.00521,210.491,False,,3.0,3.0
22.656,False,False,False,False,0.0057,0.01389,0.00521,210.314,False,,3.0,3.0
22.688,False,False,False,False,0.0057,0.01389,0.00521,210.291,False,,3.0,3.0
22.72,False,False,False,False,0.0057,0.01389,0.00521,210.166,False,,3.0,3.0
22.752,False,False,False,False,0.0057,0.01389,0.00521,209.982,False,,3.0,3.0
22.784,False,False,False,False,0.0057,0.0067,0.00521,210.02,False,,3.0,3.0
22.816,False,False,False,False,0.0057,0.0067,0.00521,209.843,False,,3.0,3.0
22.848,False,False,False,False,0.0057,0.0067,0.00521,209.697,False,,3.0,3.0
22.88,False,False,False,False,0.0057,0.0067,0.00521,209.688,False,,3.0,3.0
22.912,False,False,False,False,0.0057,0.0067,0.00521,209.596,False,,3.0,3.0
22.944,False,False,False,False,0.0057,0.0067,0.00521,209.396,False,,3.0,3.0
22.976,False,False,False,False,0.0057,0.0067,0.00521,209.371,False,,3.0,3.0
23.008,False,False,False,False,0.0057,0.00657,0.00521,209.238,False,,3.0,3.0
23.04,False,False,False,False,0.0057,0.00663,0.00521,209.233,False,,3.0,3.0
23.072,False,False,False,False,0.0057,0.00663,0.00521,209.059,False,,3.0,3.0
23.104,False,False,False,False,0.0057,0.00663,0.00521,208.963,False,,3.0,3.0
23.136,False,False,False,False,0.0057,0.00663,0.00521,208.943,False,,3.0,3.0
23.168,False,False,False,False,0.0057,0.00663,0.00521,208.751,False,,3.0,3.0
23.2,False,False,False,False,0.0057,0.00663,0.00521,208.655,False,,3.0,3.0
23.232,False,False,False,False,0.0057,0.00663,0.00521,208.645,False,,3.0,3.0
23.264,False,False,False,False,0.0057,0.00657,0.00521,208.529,False,,3.0,3.0
23.296,False,False,False,False,0.0057,0.00657,0.00521,208.346,False,,3.0,3.0
23.328,False,False,False,False,0.0057,0.00657,0.00521,208.353,False,,3.0,3.0
23.36,False,False,False,False,0.0057,0.00657,0.00521,208.237,False,,3.0,3.0
23.392,False,False,False,False,0.0057,0.00657,0.00521,208.226,False,,3.0,3.0
23.424,False,False,False,False,0.0057,0.00657,0.00521,208.407,False,,3.0,3.0
23.456,False,False,False,False,0.0057,0.00657,0.00521,208.558,False,,3.0,3.0
23.488,False,False,False,False,0.0057,0.00651,0.00521,208.691,False,,3.0,3.0
23.52,False,False,False,False,0.0057,0.00651,0.00521,208.891,False,,3.0,3.0
23.552,False,False,False,False,0.0057,0.00651,0.00521,209.024,False,,3.0,3.0
23.584,False,False,False,False,0.0057,0.00651,0.00521,209.176,False,,3.0,3.0
23.616,False,False,False,False,0.0057,0.00651,0.00521,209.367,False,,3.0,3.0
23.648,False,False,False,False,0.0057,0.00651,0.00521,209.509,False,,3.0,3.0
23.68,False,False,False,False,0.0057,0.00651,0.00521,209.672,False,,3.0,3.0
23.712,False,False,False,False,0.0057,0.00651,0.00521,209.766,False,,3.0,3.0
23.744,False,False,False,False,0.0057,0.00651,0.00521,209.984,False,,3.0,3.0
23.776,False,False,False,False,0.0057,0.00651,0.00521,210.175,False,,3.0,3.0
23.808,False,False,False,False,0.0057,0.00651,0.00521,210.315,False,,3.0,3.0
23.84,False,False,False,False,0.0057,0.00651,0.00521,210.456,False,,3.0,3.0
23.872,False,False,False,False,0.0057,0.00651,0.00521,210.647,False,,3.0,3.0
23.904,False,False,False,False,0.0057,0.00651,0.00521,210.787,False,,3.0,3.0
23.936,False,False,False,False,0.0057,0.00645,0.00521,210.928,False,,3.0,3.0
23.968,False,False,False,False,0.0057,0.00645,0.00521,211.129,False,,3.0,3.0
24.0,False,False,False,False,0.0057,0.00645,0.00521,211.26,False,,3.0,3.0
24.032,False,False,False,False,0.0057,0.00645,0.00521,211.442,False,,3.0,3.0
24.064,False,False,False,False,0.0057,0.00645,0.00521,211.593,False,,3.0,3.0
24.096,False,False,False,False,0.0057,0.00639,0.00521,211.744,False,,3.0,3.0
24.128,False,False,False,False,0.0057,0.00639,0.00521,211.925,False,,3.0,3.0
24.16,False,False,False,False,0.0057,0.00639,0.00521,212.067,False,,3.0,3.0
24.192,False,False,False,False,0.0057,0.00639,0.00521,212.198,False,,3.0,3.0
24.224,False,False,False,False,0.0057,0.00639,0.00521,212.409,False,,3.0,3.0
24.256,False,False,False,False,0.0057,0.00639,0.00521,212.65,False,,3.0,3.0
24.288,False,False,False,False,0.0057,0.00632,0.00521,212.873,False,,3.0,3.0
24.32,False,False,False,False,0.0057,0.00632,0.00521,213.076,False,,3.0,3.0
24.352,False,False,False,False,0.0057,0.00632,0.00521,213.298,False,,3.0,3.0
24.384,False,False,False,False,0.0057,0.00632,0.00521,213.501,False,,3.0,3.0
24.416,False,False,False,False,0.0057,0.00632,0.00521,213.694,False,,3.0,3.0
24.448,False,False,False,False,0.0057,0.00626,0.00521,213.878,False,,3.0,3.0
24.48,False,False,False,False,0.0057,0.00626,0.00521,214.052,False,,3.0,3.0
24.512,False,False,False,False,0.0057,0.00626,0.00521,214.207,False,,3.0,3.0
24.544,False,False,False,False,0.0057,0.00632,0.00521,214.381,False,,3.0,3.0
24.576,False,False,False,False,0.0057,0.00626,0.00521,214.564,False,,3.0,3.0
24.608,False,False,False,False,0.0057,0.0062,0.00521,214.729,False,,3.0,3.0
24.64,False,False,False,False,0.0057,0.00626,0.00521,214.864,False,,3.0,3.0
24.672,False,False,False,False,0.0057,0.00626,0.00521,215.019,False,,3.0,3.0
24.704,False,False,False,False,0.0057,0.00626,0.00521,215.154,False,,3.0,3.0
24.736,False,False,False,False,0.0057,0.0062,0.00521,215.29,False,,3.0,3.0
24.768,False,False,False,False,0.0057,0.0062,0.00521,215.406,False,,3.0,3.0
24.8,False,False,False,False,0.0057,0.0062,0.00521,215.532,False,,3.0,3.0
24.832,False,False,False,False,0.0057,0.0062,0.00521,215.657,False,,3.0,3.0
24.864,False,False,False,False,0.0057,0.00614,0.00521,215.773,False,,3.0,3.0
24.896,False,False,False,False,0.0057,0.00614,0.00521,215.889,False,,3.0,3.0
24.928,False,False,False,False,0.0057,0.00614,0.00521,216.005,False,,3.0,3.0
24.96,False,False,False,False,0.0057,0.00614,0.00521,216.093,False,,3.0,3.0
24.992,False,False,False,False,0.0057,0.00608,0.00521,216.189,False,,3.0,3.0
25.024,False,False,False,False,0.0057,0.00608,0.00521,216.286,False,,3.0,3.0
25.056,False,False,False,False,0.0057,0.00608,0.00521,216.373,False,,3.0,3.0
25.088,False,False,False,False,0.0057,0.00608,0.00521,216.47,False,,3.0,3.0
25.12,False,False,False,False,0.0057,0.00608,0.00521,216.547,False,,3.0,3.0
25.152,False,False,False,False,0.0057,0.00608,0.00521,216.625,False,,3.0,3.0
25.184,False,False,False,False,0.0057,0.00608,0.00521,216.712,False,,3.0,3.0
25.216,False,False,False,False,0.0057,0.00601,0.00521,216.78,False,,3.0,3.0
25.248,False,False,False,False,0.0057,0.00601,0.00521,216.838,False,,3.0,3.0
25.28,False,False,False,False,0.0057,0.00601,0.00521,216.915,False,,3.0,3.0
25.312,False,False,False,False,0.0057,0.00601,0.00521,216.983,False,,3.0,3.0
25.344,False,False,False,False,0.0057,0.00595,0.00521,217.051,False,,3.0,3.0
25.376,False,False,False,False,0.0057,0.00595,0.00521,217.118,False,,3.0,3.0
25.408,False,False,False,False,0.0057,0.00595,0.00521,217.177,False,,3.0,3.0
25.44,False,False,False,False,0.0057,0.00589,0.00521,217.225,False,,3.0,3.0
25.472,False,False,False,False,0.0057,0.00589,0.00521,217.273,False,,3.0,3.0
25.504,False,False,False,False,0.0057,0.00589,0.00521,217.331,False,,3.0,3.0
25.536,False,False,False,False,0.0057,0.00589,0.00521,217.38,False,,3.0,3.0
25.568,False,False,False,False,0.0057,0.00589,0.00521,217.419,False,,3.0,3.0
25.6,False,False,False,False,0.0057,0.00577,0.00521,217.467,False,,3.0,3.0
25.632,False,False,False,False,0.0057,0.00583,0.00521,217.506,False,,3.0,3.0
25.664,False,False,False,False,0.0057,0.00583,0.00521,217.471,False,,3.0,3.0
25.696,False,False,False,False,0.0057,0.00577,0.00521,217.428,False,,3.0,3.0
25.728,False,False,False,False,0.0057,0.01414,0.00521,217.357,False,,3.0,3.0
25.76,False,False,False,False,0.0057,0.00577,0.00521,217.223,False,,3.0,3.0
25.792,False,False,False,False,0.0057,0.0057,0.00521,217.172,False,,3.0,3.0
25.824,False,False,False,False,0.0057,0.0057,0.00521,217.103,False,,3.0,3.0
25.856,False,False,False,False,0.0057,0.0057,0.00521,217.034,False,,3.0,3.0
25.888,False,False,False,False,0.0057,0.0057,0.00521,216.956,False,,3.0,3.0
25.92,False,False,False,False,0.0057,0.00558,0.00521,216.88,False,,3.0,3.0
25.952,False,False,False,False,0.0057,0.00564,0.00521,216.729,False,,3.0,3.0
25.984,False,False,False,False,0.0057,0.00564,0.00521,216.628,False,,3.0,3.0
26.016,False,False,False,False,0.0057,0.00558,0.00521,216.542,False,,3.0,3.0
26.048,False,False,False,False,0.0057,0.00558,0.00521,216.439,False,,3.0,3.0
26.08,False,False,False,False,0.0057,0.00552,0.00521,216.339,False,,3.0,3.0
26.112,False,False,False,False,0.0057,0.00552,0.00521,216.23,False,,3.0,3.0
26.144,False,False,False,False,0.0057,0.00552,0.00521,216.055,False,,3.0,3.0
26.176,False,False,False,False,0.0057,0.00552,0.00521,215.946,False,,3.0,3.0
26.208,False,False,False,False,0.0057,0.00546,0.00521,215.811,False,,3.0,3.0
26.24,False,False,False,False,0.0057,0.00539,0.00521,215.693,False,,3.0,3.0
26.272,False,False,False,False,0.0057,0.01426,0.00521,215.567,False,,3.0,3.0
26.304,False,False,False,False,0.0057,0.00533,0.00521,215.427,False,,3.0,3.0
26.336,False,False,False,False,0.0057,0.00533,0.00521,215.211,False,,3.0,3.0
26.368,False,False,False,False,0.0057,0.00533,0.00521,215.076,False,,3.0,3.0
26.4,False,False,False,False,0.0057,0.00521,0.00521,214.905,False,,3.0,3.0
26.432,False,False,False,False,0.0057,0.00527,0.00521,214.763,False,,3.0,3.0
26.464,False,False,False,False,0.0057,0.00521,0.00521,214.605,False,,3.0,3.0
26.496,False,False,False,False,0.0057,0.00521,0.00521,214.44,False,,3.0,3.0
26.528,False,False,False,False,0.00564,0.00521,0.00521,214.177,False,,3.0,3.0
26.56,False,False,False,False,0.00558,0.00521,0.00521,214.012,False,,3.0,3.0
26.592,False,False,False,False,0.01488,0.00521,0.00521,213.831,False,,3.0,3.0
26.624,False,False,False,False,0.00558,0.00521,0.00521,213.643,False,,3.0,3.0
26.656,False,False,False,False,0.00552,0.00521,0.00521,213.456,False,,3.0,3.0
26.688,False,False,False,False,0.00546,0.00521,0.00521,213.26,False,,3.0,3.0
26.72,False,False,False,False,0.00539,0.00521,0.00521,212.967,False,,3.0,3.0
26.752,False,False,False,False,0.00539,0.00521,0.00521,212.765,False,,3.0,3.0
26.784,False,False,False,False,0.00539,0.00521,0.00521,212.547,False,,3.0,3.0
26.816,False,False,False,False,0.00533,0.00521,0.00521,212.336,False,,3.0,3.0
26.848,False,False,False,False,0.00527,0.00521,0.00521,212.111,False,,3.0,3.0
26.88,False,False,False,False,0.00521,0.00521,0.00521,211.795,False,,3.0,3.0
26.912,False,False,False,False,0.00521,0.00521,0.00521,211.555,False,,3.0,3.0
26.944,False,False,False,False,0.00515,0.00521,0.00521,211.314,False,,3.0,3.0
26.976,False,False,False,False,0.00508,0.00521,0.00521,211.066,False,,3.0,3.0
27.008,False,False,False,False,0.00502,0.00521,0.00521,210.803,False,,3.0,3.0
27.04,False,False,False,False,0.00502,0.00521,0.00521,210.533,False,,3.0,3.0
27.072,False,False,False,False,0.00496,0.00521,0.00521,210.172,False,,3.0,3.0
27.104,False,False,False,False,0.0049,0.00521,0.00521,209.887,False,,3.0,3.0
27.136,False,True,False,False,0.00477,0.00521,0.00521,209.594,False,,3.0,0.0
27.168,False,False,False,False,0.00546,0.00521,0.00521,211.588,False,,3.0,3.0
27.2,False,False,False,False,0.01581,0.00521,0.00521,211.378,False,,3.0,3.0
27.232,False,False,False,False,0.00533,0.00521,0.00521,211.062,False,,3.0,3.0
27.264,False,False,False,False,0.00521,0.00521,0.00521,210.807,False,,3.0,3.0
27.296,False,False,False,False,0.00521,0.00521,0.00521,210.432,False,,3.0,3.0
27.328,False,False,False,False,0.00508,0.00521,0.00521,210.139,False,,3.0,3.0
27.36,False,False,False,False,0.00502,0.00521,0.00521,209.839,False,,3.0,3.0
27.392,False,False,False,False,0.00484,0.00521,0.00521,209.523,False,,3.0,3.0
27.424,False,False,False,False,0.00484,0.00521,0.00521,209.118,False,,3.0,3.0
27.456,False,True,False,False,0.00471,0.00521,0.00521,208.78,False,,3.0,0.0
27.488,False,False,False,False,0.01687,0.00521,0.00521,211.183,False,,3.0,3.0
27.52,False,False,False,False,0.00477,0.00521,0.00521,210.387,False,,3.0,3.0
27.552,False,False,False,False,0.00508,0.00521,0.00521,210.334,False,,3.0,3.0
27.584,False,False,False,False,0.00515,0.00521,0.00521,210.169,False,,3.0,3.0
27.616,False,False,False,False,0.0168,0.00521,0.00521,209.741,False,,3.0,3.0
27.648,False,False,False,False,0.0,0.0,0.0,209.253,False,,3.0,3.0
27.68,False,False,False,False,0.0,0.0,0.0,208.915,False,,3.0,3.0
27.712,True,False,False,False,0.0,0.0,0.0,208.563,False,,3.0,0.0
27.744,True,False,False,False,0.0,0.0,0.0,211.246,False,,3.0,0.0
27.776,True,False,False,False,0.0,0.0,0.0,212.982,False,,3.0,0.0
27.808,True,False,False,False,0.0,0.0,0.0,214.614,False,,3.0,0.0
27.84,True,False,False,False,0.0,0.0,0.0,215.923,False,,3.0,0.0
27.872,True,False,False,False,0.0,0.0,0.0,216.809,False,,3.0,0.0
27.904,True,False,False,False,0.0,0.0,0.0,216.287,False,,3.0,0.0
27.936,True,False,False,False,0.0,0.0,0.0,215.533,False,,3.0,0.0
27.968,True,False,False,False,0.0,0.0,0.00036,214.622,False,,3.0,0.0
28.0,True,False,False,False,0.0,0.0,0.00124,213.722,False,,3.0,0.0
28.032,True,False,False,False,0.0,0.0,0.00201,212.742,False,,3.0,0.0
28.064,True,False,False,False,0.0,0.0,0.00272,212.037,False,,3.0,0.0
28.096,True,False,False,False,0.0,0.0,0.00337,211.517,False,,3.0,0.0
28.128,True,False,False,False,0.0,0.0,0.00402,211.694,False,,3.0,0.0
28.16,True,False,False,False,0.0,0.0,0.00462,211.96,False,,3.0,0.0
28.192,False,False,False,False,0.0,0.0,0.00521,212.254,False,,3.0,3.0
28.224,False,False,False,False,0.0,0.0,0.00237,213.121,False,,3.0,3.0
28.256,False,False,False,False,0.0,0.0,0.00272,212.664,False,,3.0,3.0
28.288,True,False,False,False,0.0,0.0,0.00314,212.185,False,,3.0,0.0
28.32,True,False,False,False,0.0,0.0,0.00385,212.319,False,,3.0,0.0
28.352,True,False,False,False,0.0,0.0,0.00444,212.549,False,,3.0,0.0
28.384,False,False,False,False,0.0,0.0,0.00509,212.688,False,,3.0,3.0
28.416,False,False,False,False,0.0,0.0,0.00284,213.057,False,,3.0,3.0
28.448,False,False,False,False,0.0,0.0,0.00314,212.866,False,,3.0,3.0
28.48,True,False,False,False,0.0,0.0,0.00343,212.654,False,,3.0,0.0
28.512,True,False,False,False,0.0,0.0,0.00402,212.798,False,,3.0,0.0
28.544,True,False,False,False,0.0,0.0,0.00468,212.844,False,,3.0,0.0
28.576,False,False,False,False,0.0,0.00012,0.00521,212.829,False,,3.0,3.0
28.608,False,False,False,False,0.0,0.0,0.00355,212.655,False,,3.0,3.0
28.64,False,False,False,False,0.0,0.0,0.00373,212.751,False,,3.0,3.0
28.672,True,False,False,False,0.0,0.0,0.00397,212.8,False,,3.0,0.0
28.704,True,False,False,False,0.0,0.0,0.00468,212.824,False,,3.0,0.0
28.736,False,False,False,False,0.0,0.00012,0.00521,212.799,False,,3.0,3.0
28.768,False,False,False,False,0.0,0.0,0.00373,212.148,False,,3.0,3.0
28.8,False,False,False,False,0.0,0.0,0.00391,212.49,False,,3.0,3.0
28.832,True,False,False,False,0.0,0.0,0.00456,212.779,False,,3.0,0.0
28.864,False,False,False,False,0.0,0.0,0.00562,212.706,False,,3.0,3.0
28.896,False,False,False,False,0.0,0.0,0.00426,211.811,False,,3.0,3.0
28.928,False,False,False,False,0.0,0.0,0.00426,212.294,False,,3.0,3.0
28.96,True,False,False,False,0.0,0.0,0.00438,212.682,False,,3.0,0.0
28.992,False,False,False,False,0.0,0.0,0.00509,212.613,False,,3.0,3.0
29.024,False,False,False,False,0.0,0.0,0.00343,211.498,False,,3.0,3.0
29.056,False,False,False,False,0.0,0.0,0.00343,212.089,False,,3.0,3.0
29.088,True,False,False,False,0.0,0.0,0.00367,212.538,False,,3.0,0.0
29.12,True,False,False,False,0.0,0.0,0.00485,212.431,False,,3.0,0.0
29.152,False,False,False,False,0.0,0.0,0.00604,212.244,False,,3.0,3.0
29.184,False,False,False,False,0.0,0.0,0.00515,210.766,False,,3.0,3.0
29.216,False,True,False,False,0.0,0.0,0.0055,211.441,False,,3.0,0.0
29.248,False,True,False,False,0.0,0.00056,0.00758,213.208,False,,3.0,0.0
29.28,False,True,False,False,0.0,0.00081,0.00817,212.211,False,,3.0,0.0
29.312,False,True,False,False,0.0,0.00099,0.00805,211.279,False,,3.0,0.0
29.344,False,True,False,False,0.0,0.00254,0.00799,211.945,False,,3.0,0.0
29.376,False,True,False,False,0.0,0.00415,0.01373,212.645,False,,3.0,0.0
29.408,False,True,False,False,0.0,0.00502,0.01391,212.95,False,,3.0,0.0
29.44,False,True,False,False,0.0,0.00601,0.01403,213.354,False,,3.0,0.0
29.472,False,True,False,False,0.0,0.00694,0.01432,213.939,False,,3.0,0.0
29.504,False,True,False,False,0.00012,0.00781,0.01462,214.768,False,,3.0,0.0
29.536,False,True,False,False,0.00118,0.00775,0.01486,215.675,False,,3.0,0.0
29.568,False,True,False,False,0.00217,0.008,0.01515,216.535,False,,3.0,0.0
29.6,False,True,False,False,0.00322,0.00794,0.01545,216.5,False,,3.0,0.0
29.632,False,True,False,False,0.00446,0.0137,0.01042,215.511,False,,3.0,0.0
29.664,False,False,False,False,0.00558,0.01414,0.01042,213.431,False,,3.0,3.0
29.696,False,False,False,False,0.00422,0.01376,0.01042,214.529,False,,3.0,3.0
29.728,False,False,False,False,0.00465,0.01389,0.01042,214.396,False,,3.0,3.0
29.76,False,False,False,False,0.00515,0.01389,0.01042,214.215,False,,3.0,3.0
29.792,False,False,False,False,0.00496,0.0111,0.01042,214.473,False,,3.0,3.0
29.824,False,False,False,False,0.00484,0.01364,0.01042,214.702,False,,3.0,3.0
29.856,False,True,False,False,0.00459,0.0137,0.01042,214.931,False,,3.0,0.0
29.888,False,False,False,False,0.00577,0.01414,0.01042,212.851,False,,3.0,3.0
29.92,False,False,False,False,0.00434,0.01401,0.01042,214.019,False,,3.0,3.0
29.952,False,False,False,False,0.00484,0.01401,0.01042,213.818,False,,3.0,3.0
29.984,False,False,False,False,0.00527,0.01395,0.01042,213.609,False,,3.0,3.0
30.016,False,False,False,False,0.00521,0.01383,0.01042,213.896,False,,3.0,3.0
30.048,False,False,False,False,0.00496,0.01383,0.01042,214.136,False,,3.0,3.0
30.08,False,False,False,False,0.00477,0.0137,0.01042,214.376,False,,3.0,3.0
30.112,False,True,False,False,0.00465,0.01364,0.01042,214.577,False,,3.0,0.0
30.144,False,False,False,False,0.00577,0.01426,0.01042,212.572,False,,3.0,3.0
30.176,False,False,False,False,0.00459,0.01407,0.01042,213.809,False,,3.0,3.0
30.208,False,False,False,False,0.00508,0.0142,0.01042,213.589,False,,3.0,3.0
30.24,False,False,False,False,0.00546,0.01426,0.01042,213.331,False,,3.0,3.0
30.272,False,False,False,False,0.00527,0.0142,0.01042,213.562,False,,3.0,3.0
30.304,False,False,False,False,0.00521,0.01407,0.01042,213.792,False,,3.0,3.0
30.336,False,False,False,False,0.00527,0.01414,0.01042,214.013,False,,3.0,3.0
30.368,False,False,False,False,0.00521,0.0142,0.01042,214.234,False,,3.0,3.0
30.4,False,False,False,False,0.00521,0.01414,0.01042,214.436,False,,3.0,3.0
30.432,False,False,False,False,0.00508,0.01426,0.01042,214.638,False,,3.0,3.0
30.464,False,False,False,False,0.00508,0.01432,0.01042,214.82,False,,3.0,3.0
30.496,False,False,False,False,0.00502,0.01426,0.01042,215.013,False,,3.0,3.0
30.528,False,False,False,False,0.0049,0.01438,0.01042,215.186,False,,3.0,3.0
30.56,False,False,False,False,0.0049,0.01426,0.01042,215.359,False,,3.0,3.0
30.592,False,True,False,False,0.0049,0.01438,0.01042,215.513,False,,3.0,0.0
30.624,False,False,False,False,0.00663,0.01469,0.01042,212.897,False,,3.0,3.0
30.656,False,False,False,False,0.00626,0.01482,0.01042,213.637,False,,3.0,3.0
30.688,False,False,False,False,0.00577,0.01476,0.01042,214.358,False,,3.0,3.0
30.72,False,False,False,False,0.00521,0.01494,0.01042,215.032,False,,3.0,3.0
30.752,False,False,False,False,0.00539,0.01488,0.01042,215.148,False,,3.0,3.0
30.784,False,False,False,False,0.00539,0.01482,0.01042,215.148,False,,3.0,3.0
30.816,False,False,False,False,0.00558,0.01488,0.01042,215.149,False,,3.0,3.0
30.848,False,False,False,False,0.00564,0.01488,0.01042,215.149,False,,3.0,3.0
30.88,False,False,False,False,0.0057,0.01488,0.01042,215.15,False,,3.0,3.0
30.912,False,False,False,False,0.0057,0.01494,0.01042,215.304,False,,3.0,3.0
30.944,False,False,False,False,0.00558,0.01494,0.01042,215.487,False,,3.0,3.0
30.976,False,False,False,False,0.00564,0.01494,0.01042,215.641,False,,3.0,3.0
31.008,False,False,False,False,0.00552,0.015,0.01042,215.795,False,,3.0,3.0
31.04,False,False,False,False,0.00552,0.01488,0.01042,215.95,False,,3.0,3.0
31.072,False,False,False,False,0.00546,0.01507,0.01042,216.085,False,,3.0,3.0
31.104,False,False,False,False,0.00546,0.01519,0.01042,216.229,False,,3.0,3.0
31.136,False,False,False,False,0.00521,0.01519,0.01042,216.354,False,,3.0,3.0
31.168,False,False,False,False,0.00521,0.01519,0.01042,216.392,False,,3.0,3.0
31.2,False,False,False,False,0.00521,0.01519,0.01042,216.391,False,,3.0,3.0
31.232,False,False,False,False,0.00515,0.01531,0.01042,216.381,False,,3.0,3.0
31.264,False,False,False,False,0.00508,0.01531,0.01042,216.39,False,,3.0,3.0
31.296,False,False,False,False,0.00508,0.01271,0.01042,216.299,False,,3.0,3.0
31.328,False,False,False,False,0.00515,0.01531,0.01042,216.272,False,,3.0,3.0
31.36,False,False,False,False,0.00508,0.01531,0.01042,216.244,False,,3.0,3.0
31.392,False,False,False,False,0.00508,0.01531,0.01042,216.198,False,,3.0,3.0
31.424,False,False,False,False,0.00508,0.01538,0.01042,216.18,False,,3.0,3.0
31.456,False,False,False,False,0.00496,0.01544,0.01042,216.053,False,,3.0,3.0
31.488,False,False,False,False,0.00502,0.01538,0.01042,216.018,False,,3.0,3.0
31.52,False,False,False,False,0.00496,0.01544,0.01042,215.976,False,,3.0,3.0
31.552,False,False,False,False,0.00496,0.01544,0.01042,215.934,False,,3.0,3.0
31.584,False,True,False,False,0.0049,0.0155,0.01042,215.875,False,,3.0,0.0
31.616,False,False,False,False,0.00676,0.01569,0.01042,215.345,False,,3.0,3.0
31.648,False,False,False,False,0.00639,0.01569,0.01042,215.734,False,,3.0,3.0
31.68,False,False,False,False,0.00595,0.01581,0.01042,216.075,False,,3.0,3.0
31.712,False,False,False,False,0.00558,0.01587,0.01042,216.374,False,,3.0,3.0
31.744,False,False,False,False,0.00546,0.01594,0.01042,216.289,False,,3.0,3.0
31.776,False,False,False,False,0.0057,0.01587,0.01042,216.233,False,,3.0,3.0
31.808,False,False,False,False,0.00558,0.01594,0.01042,216.099,False,,3.0,3.0
31.84,False,False,False,False,0.00577,0.016,0.01042,216.053,False,,3.0,3.0
31.872,False,False,False,False,0.00577,0.01594,0.01042,216.002,False,,3.0,3.0
31.904,False,False,False,False,0.00577,0.01594,0.01042,215.938,False,,3.0,3.0
31.936,False,False,False,False,0.0057,0.01606,0.01042,215.809,False,,3.0,3.0
31.968,False,False,False,False,0.00577,0.01606,0.01042,215.695,False,,3.0,3.0
32.0,False,False,False,False,0.00577,0.01612,0.01042,215.515,False,,3.0,3.0
32.032,False,False,False,False,0.0057,0.01612,0.01042,215.391,False,,3.0,3.0
32.064,False,False,False,False,0.00577,0.01618,0.01042,215.262,False,,3.0,3.0
32.096,False,False,False,False,0.00583,0.01612,0.01042,215.153,False,,3.0,3.0
32.128,False,False,False,False,0.00583,0.01612,0.01042,215.039,False,,3.0,3.0
32.16,False,False,False,False,0.00583,0.01618,0.01042,214.827,False,,3.0,3.0
32.192,False,False,False,False,0.00583,0.01612,0.01042,214.713,False,,3.0,3.0
32.224,False,False,False,False,0.00583,0.01618,0.01042,214.577,False,,3.0,3.0
32.256,False,False,False,False,0.00583,0.01625,0.01042,214.423,False,,3.0,3.0
32.288,False,False,False,False,0.00583,0.01625,0.01042,214.307,False,,3.0,3.0
32.32,False,False,False,False,0.00589,0.01618,0.01042,214.101,False,,3.0,3.0
32.352,False,False,False,False,0.00589,0.01631,0.01042,213.937,False,,3.0,3.0
32.384,False,False,False,False,0.00589,0.01631,0.01042,213.802,False,,3.0,3.0
32.416,False,False,False,False,0.00589,0.01637,0.01042,213.676,False,,3.0,3.0
32.448,False,False,False,False,0.00589,0.01637,0.01042,213.512,False,,3.0,3.0
32.48,False,False,False,False,0.00589,0.01637,0.01042,213.314,False,,3.0,3.0
32.512,False,False,False,False,0.00589,0.01656,0.01042,213.181,False,,3.0,3.0
32.544,False,False,False,False,0.00589,0.01656,0.01042,212.988,False,,3.0,3.0
32.576,False,False,False,False,0.00589,0.01656,0.01042,212.846,False,,3.0,3.0
32.608,False,False,False,False,0.00589,0.01662,0.01042,212.695,False,,3.0,3.0
32.64,False,False,False,False,0.00589,0.01662,0.01042,212.537,False,,3.0,3.0
32.672,False,False,False,False,0.00589,0.01674,0.01042,212.322,False,,3.0,3.0
32.704,False,False,False,False,0.00589,0.01674,0.01042,212.139,False,,3.0,3.0
32.736,False,False,False,False,0.00589,0.01687,0.01042,211.994,False,,3.0,3.0
32.768,False,False,False,False,0.00589,0.01687,0.01042,211.842,False,,3.0,3.0
32.8,False,False,False,False,0.00589,0.01693,0.01042,211.666,False,,3.0,3.0
32.832,False,False,False,False,0.00589,0.01693,0.01042,211.439,False,,3.0,3.0
32.864,False,False,False,False,0.00589,0.01693,0.01042,211.272,False,,3.0,3.0
32.896,False,False,False,False,0.00589,0.01699,0.01042,211.096,False,,3.0,3.0
32.928,False,False,False,False,0.00589,0.01699,0.01042,210.958,False,,3.0,3.0
32.96,False,False,False,False,0.00589,0.01705,0.01042,210.796,False,,3.0,3.0
32.992,False,False,False,False,0.00589,0.01457,0.01042,210.516,False,,3.0,3.0
33.024,False,False,False,False,0.00589,0.01718,0.01042,210.369,False,,3.0,3.0
33.056,False,False,False,False,0.00589,0.0173,0.01042,210.214,False,,3.0,3.0
33.088,False,False,False,False,0.00589,0.01724,0.01042,210.021,False,,3.0,3.0
33.12,False,False,False,False,0.00589,0.0173,0.01042,209.866,False,,3.0,3.0
33.152,False,False,False,False,0.00589,0.0173,0.01042,209.624,False,,3.0,3.0
33.184,False,False,False,False,0.00589,0.01742,0.01042,209.43,False,,3.0,3.0
33.216,False,False,False,False,0.00589,0.01736,0.01042,209.275,False,,3.0,3.0
33.248,False,False,False,False,0.00589,0.01742,0.01042,209.121,False,,3.0,3.0
33.28,False,False,False,False,0.00589,0.01749,0.01042,208.927,False,,3.0,3.0
33.312,False,False,False,False,0.00589,0.01749,0.01042,208.692,False,,3.0,3.0
33.344,False,False,False,False,0.00589,0.01761,0.01042,208.53,False,,3.0,3.0
33.376,False,False,False,False,0.00589,0.01767,0.01042,208.344,False,,3.0,3.0
33.408,False,False,False,False,0.00589,0.01767,0.01042,208.189,False,,3.0,3.0
33.44,False,False,False,False,0.01116,0.01252,0.01042,207.937,False,,3.0,3.0
33.472,False,False,False,False,0.01333,0.01042,0.01042,207.753,False,,3.0,3.0
33.504,False,False,False,False,0.01333,0.01042,0.01042,207.598,False,,3.0,3.0
33.536,False,False,False,False,0.01345,0.01042,0.01042,207.405,False,,3.0,3.0
33.568,False,False,False,False,0.01352,0.01042,0.01042,207.257,False,,3.0,3.0
33.6,False,False,False,False,0.01352,0.01042,0.01042,207.008,False,,3.0,3.0
33.632,False,False,False,False,0.01352,0.01042,0.01042,206.804,False,,3.0,3.0
33.664,False,False,False,False,0.01358,0.01042,0.01042,206.647,False,,3.0,3.0
33.696,False,False,False,False,0.01364,0.01042,0.01042,206.479,False,,3.0,3.0
33.728,False,False,False,False,0.01364,0.01042,0.01042,206.261,False,,3.0,3.0
33.76,False,False,False,False,0.01383,0.01042,0.01042,206.017,False,,3.0,3.0
33.792,False,False,False,False,0.01383,0.01042,0.01042,205.804,False,,3.0,3.0
33.824,False,False,False,False,0.01383,0.01042,0.01042,205.623,False,,3.0,3.0
33.856,False,False,False,False,0.01389,0.01042,0.01042,205.475,False,,3.0,3.0
33.888,False,False,False,False,0.01395,0.01042,0.01042,205.252,False,,3.0,3.0
33.92,False,False,False,False,0.01414,0.01042,0.01042,205.012,False,,3.0,3.0
33.952,False,False,False,False,0.0142,0.01042,0.01042,204.84,False,,3.0,3.0
33.984,False,False,False,False,0.01432,0.01042,0.01042,204.624,False,,3.0,3.0
34.016,False,False,False,False,0.01438,0.01042,0.01042,204.467,False,,3.0,3.0
34.048,False,False,False,False,0.01445,0.01042,0.01042,204.218,False,,3.0,3.0
34.08,False,False,False,False,0.01457,0.01042,0.01042,204.005,False,,3.0,3.0
34.112,False,False,False,False,0.01476,0.01042,0.01042,203.838,False,,3.0,3.0
34.144,False,False,False,False,0.01482,0.01042,0.01042,203.634,False,,3.0,3.0
34.176,False,False,False,False,0.01488,0.01042,0.01042,203.459,False,,3.0,3.0
34.208,False,False,False,False,0.01488,0.01042,0.01042,203.211,False,,3.0,3.0
34.24,False,False,False,False,0.01513,0.01042,0.01042,203.004,False,,3.0,3.0
34.272,False,False,False,False,0.01519,0.01042,0.01042,202.829,False,,3.0,3.0
34.304,False,False,False,False,0.01525,0.01042,0.01042,202.664,False,,3.0,3.0
34.336,False,False,False,False,0.0155,0.01042,0.01042,202.374,False,,3.0,3.0
34.368,False,False,False,False,0.01308,0.01042,0.01042,202.202,False,,3.0,3.0
34.4,False,False,False,False,0.01569,0.01042,0.01042,202.002,False,,3.0,3.0
34.432,False,False,False,False,0.01587,0.01042,0.01042,201.838,False,,3.0,3.0
34.464,False,False,False,False,0.016,0.01042,0.01042,201.562,False,,3.0,3.0
34.496,False,False,False,False,0.01618,0.01042,0.01042,201.373,False,,3.0,3.0
34.528,False,False,False,False,0.01643,0.01042,0.01042,201.216,False,,3.0,3.0
34.56,False,False,False,False,0.01649,0.01042,0.01042,200.978,False,,3.0,3.0
34.592,False,False,False,False,0.01674,0.01042,0.01042,200.83,False,,3.0,3.0
34.624,False,False,False,False,0.01426,0.01042,0.01042,200.57,False,,3.0,3.0
34.656,False,False,False,False,0.01699,0.01042,0.01042,200.365,False,,3.0,3.0
34.688,False,False,False,False,0.01711,0.01042,0.01042,200.201,False,,3.0,3.0
34.72,False,False,False,False,0.01488,0.01042,0.01042,200.027,False,,3.0,3.0
34.752,False,False,False,False,0.015,0.01042,0.01042,199.733,False,,3.0,3.0
34.784,False,False,False,False,0.01525,0.01042,0.01042,199.578,False,,3.0,3.0
34.816,False,False,False,False,0.0155,0.01042,0.01042,199.354,False,,3.0,3.0
34.848,False,False,False,False,0.01587,0.01042,0.01042,199.189,False,,3.0,3.0
34.88,False,False,False,False,0.01625,0.01042,0.01042,198.941,False,,3.0,3.0
34.912,False,False,False,False,0.01662,0.01042,0.01042,198.724,False,,3.0,3.0
34.944,False,False,False,False,0.01711,0.01042,0.01042,198.569,False,,3.0,3.0
34.976,False,False,False,False,0.01749,0.01042,0.01042,198.355,False,,3.0,3.0
35.008,False,False,False,False,0.01804,0.01042,0.01042,198.18,False,,3.0,3.0
35.04,False,False,False,False,0.01042,0.01042,0.01042,197.933,False,,3.0,3.0
35.072,False,False,False,False,0.01042,0.01042,0.01042,197.725,False,,3.0,3.0
35.104,False,False,False,False,0.01042,0.01042,0.01042,197.561,False,,3.0,3.0
35.136,False,False,False,False,0.01042,0.01042,0.01042,197.353,False,,3.0,3.0
35.168,False,False,False,False,0.01042,0.01042,0.01042,197.103,False,,3.0,3.0
35.2,False,False,False,False,0.01042,0.01042,0.01042,196.932,False,,3.0,3.0
35.232,False,False,False,False,0.01042,0.01042,0.01042,196.724,False,,3.0,3.0
35.264,False,False,False,False,0.01042,0.01042,0.01042,196.567,False,,3.0,3.0
35.296,False,False,False,False,0.01042,0.01042,0.01042,196.253,False,,3.0,3.0
35.328,False,False,False,False,0.01042,0.01042,0.01042,196.086,False,,3.0,3.0
35.36,False,False,False,False,0.01042,0.01042,0.01042,195.938,False,,3.0,3.0
35.392,False,False,False,False,0.01042,0.01042,0.01042,195.624,False,,3.0,3.0
35.424,False,False,False,False,0.01042,0.01042,0.01042,195.467,False,,3.0,3.0
35.456,False,False,False,False,0.01042,0.01042,0.01042,195.153,False,,3.0,3.0
35.488,False,False,False,True,0.01042,0.01042,0.01042,194.986,False,,3.0,3.0
35.52,False,False,False,True,0.01042,0.01042,0.01042,194.839,False,,3.0,3.0
35.552,False,False,False,True,0.01042,0.01042,0.01042,194.525,False,,3.0,3.0
35.584,False,False,False,True,0.01042,0.01042,0.01042,194.368,False,,3.0,3.0
35.616,False,False,False,True,0.01042,0.01042,0.01042,194.054,False,,3.0,3.0
35.648,False,False,False,True,0.01042,0.01042,0.01042,193.887,False,,3.0,3.0
35.68,False,False,False,True,0.01042,0.01042,0.01042,193.573,False,,3.0,3.0
35.712,False,False,False,True,0.01042,0.01042,0.01042,193.426,False,,3.0,3.0
35.744,False,False,False,True,0.01042,0.01042,0.01042,193.26,False,,3.0,3.0
35.776,False,False,False,True,0.01042,0.01042,0.01042,192.956,False,,3.0,3.0
35.808,False,False,False,True,0.01042,0.01042,0.01042,192.799,False,,3.0,3.0
35.84,False,False,False,True,0.01042,0.01042,0.01042,192.368,False,,3.0,3.0
35.872,False,False,False,True,0.01042,0.01042,0.01042,192.201,False,,3.0,3.0
35.904,False,False,False,True,0.01042,0.01042,0.01042,192.034,False,,3.0,3.0
35.936,False,False,False,True,0.01042,0.01042,0.01042,191.711,False,,3.0,3.0
35.968,False,False,False,True,0.01042,0.01042,0.01042,191.545,False,,3.0,3.0
36.0,False,False,False,True,0.01042,0.01042,0.01042,191.221,False,,3.0,3.0
36.032,False,False,False,True,0.01042,0.01042,0.01042,191.064,False,,3.0,3.0
36.064,False,False,False,True,0.01042,0.01042,0.01042,190.751,False,,3.0,3.0
36.096,False,False,False,True,0.01042,0.01042,0.01042,190.584,False,,3.0,3.0
36.128,False,False,False,True,0.01042,0.01042,0.01042,190.427,False,,3.0,3.0
36.16,False,False,False,True,0.01042,0.01042,0.01042,190.112,False,,3.0,3.0
36.192,False,False,False,True,0.01042,0.01042,0.01042,189.955,False,,3.0,3.0
36.224,False,False,False,True,0.01042,0.01042,0.01042,189.64,False,,3.0,3.0
36.256,False,False,False,True,0.01042,0.01042,0.01042,189.483,False,,3.0,3.0
36.288,False,False,False,True,0.01042,0.01042,0.01042,189.168,False,,3.0,3.0
36.32,False,False,False,True,0.01042,0.01042,0.01042,189.011,False,,3.0,3.0
36.352,False,False,False,True,0.01042,0.01042,0.01042,188.843,False,,3.0,3.0
36.384,False,False,False,True,0.01042,0.01042,0.01042,188.528,False,,3.0,3.0
36.416,False,False,False,True,0.01042,0.01042,0.01042,188.371,False,,3.0,3.0
36.448,False,False,False,True,0.01042,0.01042,0.01042,188.056,False,,3.0,3.0
36.48,False,False,False,True,0.01042,0.01042,0.01042,187.898,False,,3.0,3.0
36.512,False,False,False,True,0.01042,0.01042,0.01042,187.584,False,,3.0,3.0
36.544,False,False,False,True,0.01042,0.01042,0.01042,187.426,False,,3.0,3.0
36.576,False,False,False,True,0.01042,0.01042,0.01042,187.269,False,,3.0,3.0
36.608,False,False,False,True,0.01042,0.01042,0.01042,186.954,False,,3.0,3.0
36.64,False,False,False,True,0.01042,0.01042,0.01042,186.796,False,,3.0,3.0
36.672,False,False,False,True,0.01042,0.01042,0.01042,186.481,False,,3.0,3.0
36.704,False,False,False,True,0.01042,0.01042,0.01042,186.334,False,,3.0,3.0
36.736,False,False,False,True,0.01042,0.01042,0.01042,185.989,False,,3.0,3.0
36.768,False,False,False,True,0.01042,0.01042,0.01042,185.635,False,,3.0,3.0
36.8,False,False,False,True,0.01042,0.01042,0.01042,185.32,False,,3.0,3.0
36.832,False,False,False,True,0.01042,0.01042,0.01042,184.877,False,,3.0,3.0
36.864,False,False,False,True,0.01042,0.01042,0.01042,184.651,False,,3.0,3.0
36.896,False,False,False,True,0.01042,0.01042,0.01042,184.257,False,,3.0,3.0
36.928,False,False,False,True,0.01042,0.01042,0.01042,184.061,False,,3.0,3.0
36.96,False,False,False,True,0.01042,0.01042,0.01042,183.706,False,,3.0,3.0
36.992,False,False,False,True,0.01042,0.01042,0.01042,183.549,False,,3.0,3.0
37.024,False,False,False,True,0.01042,0.01042,0.01042,183.382,False,,3.0,3.0
37.056,False,False,False,True,0.01042,0.01042,0.01042,183.057,False,,3.0,3.0
37.088,False,False,False,True,0.01042,0.01042,0.01042,182.89,False,,3.0,3.0
37.12,False,False,False,True,0.01042,0.01042,0.01042,182.565,False,,3.0,3.0
37.152,False,False,False,True,0.01042,0.01042,0.01042,182.407,False,,3.0,3.0
37.184,False,False,False,True,0.01042,0.01042,0.01042,182.083,False,,3.0,3.0
37.216,False,False,False,True,0.01042,0.01042,0.01042,181.925,False,,3.0,3.0
37.248,False,False,False,True,0.01042,0.01042,0.01042,181.768,False,,3.0,3.0
37.28,False,False,False,True,0.01042,0.01042,0.01042,181.443,False,,3.0,3.0
37.312,False,False,False,True,0.01042,0.01042,0.01042,181.295,False,,3.0,3.0
37.344,False,False,False,True,0.01042,0.01042,0.01042,180.97,False,,3.0,3.0
37.376,False,False,False,True,0.01042,0.01042,0.01042,180.833,False,,3.0,3.0
37.408,False,False,False,True,0.01042,0.01042,0.01042,180.675,False,,3.0,3.0
37.44,False,False,False,True,0.01042,0.01042,0.01042,180.37,False,,3.0,3.0
37.472,False,False,False,True,0.01042,0.01042,0.01042,180.222,False,,3.0,3.0
37.504,False,False,False,True,0.01042,0.01042,0.01042,179.917,False,,3.0,3.0
37.536,False,False,False,True,0.01042,0.01042,0.01042,179.789,False,,3.0,3.0
37.568,False,False,False,True,0.01042,0.01042,0.01042,179.474,False,,3.0,3.0
37.6,False,False,False,True,0.01042,0.01042,0.01042,179.337,False,,3.0,3.0
37.632,False,False,False,True,0.01042,0.01042,0.01042,179.209,False,,3.0,3.0
37.664,False,False,False,True,0.01042,0.01042,0.01042,178.904,False,,3.0,3.0
37.696,False,False,False,True,0.01042,0.01042,0.01042,178.766,False,,3.0,3.0
37.728,False,False,False,True,0.01042,0.01042,0.01042,178.461,False,,3.0,3.0
37.76,False,False,False,True,0.01042,0.01042,0.01042,178.313,False,,3.0,3.0
37.792,False,False,False,True,0.01042,0.01042,0.01042,178.008,False,,3.0,3.0
37.824,False,False,False,True,0.01042,0.01042,0.01042,178.028,False,,3.0,3.0
37.856,False,False,False,True,0.01042,0.01042,0.01042,178.057,False,,3.0,3.0
37.888,False,False,False,True,0.01042,0.01042,0.01042,178.077,False,,3.0,3.0
37.92,False,False,False,True,0.01042,0.01042,0.01042,178.097,False,,3.0,3.0
37.952,False,False,False,True,0.01042,0.01042,0.01042,178.126,False,,3.0,3.0
37.984,False,False,False,True,0.01042,0.01042,0.01042,178.156,False,,3.0,3.0
38.016,False,False,False,True,0.01042,0.01042,0.01042,178.175,False,,3.0,3.0
38.048,False,False,False,True,0.01042,0.01042,0.01042,178.205,False,,3.0,3.0
38.08,False,False,False,True,0.01042,0.01042,0.01042,178.244,False,,3.0,3.0
38.112,False,False,False,True,0.01042,0.01042,0.01042,178.284,False,,3.0,3.0
38.144,False,False,False,True,0.01042,0.01042,0.01042,178.303,False,,3.0,3.0
38.176,False,False,False,True,0.01042,0.01042,0.01042,178.343,False,,3.0,3.0
38.208,False,False,False,True,0.01042,0.01042,0.01042,178.402,False,,3.0,3.0
38.24,False,False,False,True,0.01042,0.01042,0.01042,178.441,False,,3.0,3.0
38.272,False,False,False,True,0.01042,0.01042,0.01042,178.471,False,,3.0,3.0
38.304,False,False,False,True,0.01042,0.01042,0.01042,178.52,False,,3.0,3.0
38.336,False,False,False,True,0.01042,0.01042,0.01042,178.539,False,,3.0,3.0
38.368,False,False,False,True,0.01042,0.01042,0.01042,178.569,False,,3.0,3.0
38.4,False,False,False,True,0.01042,0.01042,0.01042,178.599,False,,3.0,3.0
38.432,False,False,False,True,0.01042,0.01042,0.01042,178.608,False,,3.0,3.0
38.464,False,False,False,True,0.01042,0.01042,0.01042,178.618,False,,3.0,3.0
38.496,False,False,False,True,0.01042,0.01042,0.01042,178.638,False,,3.0,3.0
38.528,False,False,False,True,0.01042,0.01042,0.01042,178.638,False,,3.0,3.0
38.56,False,False,False,True,0.01042,0.01042,0.01042,178.658,False,,3.0,3.0
38.592,False,False,False,True,0.01042,0.01042,0.01042,178.658,False,,3.0,3.0
38.624,False,False,False,True,0.01042,0.01042,0.01042,178.668,False,,3.0,3.0
38.656,False,False,False,True,0.01042,0.01042,0.01042,178.677,False,,3.0,3.0
38.688,False,False,False,True,0.01042,0.01042,0.01042,178.687,False,,3.0,3.0
38.72,False,False,False,True,0.01042,0.01042,0.01042,178.707,False,,3.0,3.0
38.752,False,False,False,True,0.01042,0.01042,0.01042,178.736,False,,3.0,3.0
38.784,False,False,False,True,0.01042,0.01042,0.01042,178.766,False,,3.0,3.0
38.816,False,False,False,True,0.01042,0.01042,0.01042,178.796,False,,3.0,3.0
38.848,False,False,False,True,0.01042,0.01042,0.01042,178.835,False,,3.0,3.0
38.88,False,False,False,True,0.01042,0.01042,0.01042,178.884,False,,3.0,3.0
38.912,False,False,False,True,0.01042,0.01042,0.01042,178.933,False,,3.0,3.0
38.944,False,False,False,True,0.01042,0.01042,0.01042,178.992,False,,3.0,3.0
38.976,False,False,False,True,0.01042,0.01042,0.01042,179.041,False,,3.0,3.0
39.008,False,False,False,True,0.01042,0.01042,0.01042,179.101,False,,3.0,3.0
39.04,False,False,False,True,0.01042,0.01042,0.01042,179.14,False,,3.0,3.0
39.072,False,False,False,True,0.01042,0.01042,0.01042,179.15,False,,3.0,3.0
39.104,False,False,False,True,0.01042,0.01042,0.01042,179.169,False,,3.0,3.0
39.136,False,False,False,True,0.01042,0.01042,0.01042,179.179,False,,3.0,3.0
39.168,False,False,False,True,0.01042,0.01042,0.01042,179.199,False,,3.0,3.0
39.2,False,False,False,True,0.01042,0.01042,0.01042,179.218,False,,3.0,3.0
39.232,False,False,False,True,0.01042,0.01042,0.01042,179.228,False,,3.0,3.0
39.264,False,False,False,True,0.01042,0.01042,0.01042,179.248,False,,3.0,3.0
39.296,False,False,False,True,0.01042,0.01042,0.01042,179.258,False,,3.0,3.0
39.328,False,False,False,True,0.01042,0.01042,0.01042,179.278,False,,3.0,3.0
39.36,False,False,False,True,0.01042,0.01042,0.01042,179.288,False,,3.0,3.0
39.392,False,False,False,True,0.01042,0.01042,0.01042,179.297,False,,3.0,3.0
39.424,False,False,False,True,0.01042,0.01042,0.01042,179.307,False,,3.0,3.0
39.456,False,False,False,True,0.01042,0.01042,0.01042,179.317,False,,3.0,3.0
39.488,False,False,False,True,0.01042,0.01042,0.01042,179.317,False,,3.0,3.0
39.52,False,False,False,True,0.01042,0.01042,0.01042,179.347,False,,3.0,3.0
39.552,False,False,False,True,0.01042,0.01042,0.01042,179.386,False,,3.0,3.0
39.584,False,False,False,True,0.01042,0.01042,0.01042,179.425,False,,3.0,3.0
39.616,False,False,False,True,0.01042,0.01042,0.01042,179.435,False,,3.0,3.0
39.648,False,False,False,True,0.01042,0.01042,0.01042,179.445,False,,3.0,3.0
39.68,False,False,False,True,0.01042,0.01042,0.01042,179.465,False,,3.0,3.0
39.712,False,False,False,True,0.01042,0.01042,0.01042,179.455,False,,3.0,3.0
39.744,False,False,False,True,0.01042,0.01042,0.01042,179.455,False,,3.0,3.0
39.776,False,False,False,True,0.01042,0.01042,0.01042,179.465,False,,3.0,3.0
39.808,False,False,False,True,0.01042,0.01042,0.01042,179.484,False,,3.0,3.0
39.84,False,False,False,True,0.01042,0.01042,0.01042,179.504,False,,3.0,3.0
39.872,False,False,False,True,0.01042,0.01042,0.01042,179.524,False,,3.0,3.0
39.904,False,False,False,True,0.01042,0.01042,0.01042,179.543,False,,3.0,3.0
39.936,False,False,False,True,0.01042,0.01042,0.01042,179.563,False,,3.0,3.0
39.968,False,False,False,True,0.01042,0.01042,0.01042,179.573,False,,3.0,3.0
40.0,False,False,False,True,0.01042,0.01042,0.01042,179.592,False,,3.0,3.0
40.032,False,False,False,True,0.01042,0.01042,0.01042,179.602,False,,3.0,3.0
40.064,False,False,False,True,0.01042,0.01042,0.01042,179.612,False,,3.0,3.0
40.096,False,False,False,True,0.01042,0.01042,0.01042,179.661,False,,3.0,3.0
40.128,False,False,False,True,0.01042,0.01042,0.01042,179.721,False,,3.0,3.0
40.16,False,False,False,True,0.01042,0.01042,0.01042,179.77,False,,3.0,3.0
40.192,False,False,False,True,0.01042,0.01042,0.01042,179.809,False,,3.0,3.0
40.224,False,False,False,True,0.01042,0.01042,0.01042,179.849,False,,3.0,3.0
40.256,False,False,False,True,0.01042,0.01042,0.01042,179.898,False,,3.0,3.0
40.288,False,False,False,True,0.01042,0.01042,0.01042,179.927,False,,3.0,3.0
40.32,False,False,False,True,0.01042,0.01042,0.01042,179.957,False,,3.0,3.0
40.352,False,False,False,True,0.01042,0.01042,0.01042,179.986,False,,3.0,3.0
40.384,False,False,False,True,0.01042,0.01042,0.01042,180.016,False,,3.0,3.0
40.416,False,False,False,True,0.01042,0.01042,0.00823,180.036,False,,3.0,3.0
40.448,False,False,False,True,0.01042,0.01042,0.00574,180.055,False,,3.0,3.0
40.48,False,False,False,True,0.01042,0.00849,0.00521,180.075,False,,3.0,3.0
40.512,False,False,False,True,0.01042,0.00601,0.00521,180.095,False,,3.0,3.0
40.544,False,False,False,True,0.0088,0.00521,0.00521,180.104,False,,3.0,3.0
40.576,False,False,False,True,0.00521,0.00521,0.00521,180.124,False,,3.0,3.0
40.608,False,False,False,True,0.00521,0.00521,0.00521,180.144,False,,3.0,3.0
40.64,False,False,False,True,0.00521,0.00521,0.00521,180.154,False,,3.0,3.0
40.672,False,False,False,True,0.00521,0.00521,0.00521,180.173,False,,3.0,3.0
40.704,False,False,False,True,0.00521,0.00521,0.00521,180.203,False,,3.0,3.0
40.736,False,False,False,True,0.00521,0.00521,0.00521,180.232,False,,3.0,3.0
40.768,False,False,False,True,0.00521,0.00521,0.00521,180.252,False,,3.0,3.0
40.8,False,False,False,True,0.00521,0.00521,0.00521,180.281,False,,3.0,3.0
40.832,False,False,False,True,0.00521,0.00521,0.00521,180.311,False,,3.0,3.0
40.864,False,False,False,True,0.00521,0.00521,0.00521,180.331,False,,3.0,3.0
40.896,False,False,False,True,0.00521,0.00521,0.00521,180.38,False,,3.0,3.0
40.928,False,False,False,True,0.00521,0.00521,0.00521,180.4,False,,3.0,3.0
40.96,False,False,False,True,0.00521,0.00521,0.00521,180.439,False,,3.0,3.0
40.992,False,False,False,True,0.00521,0.00521,0.00521,180.504,False,,3.0,3.0
41.024,False,False,False,True,0.00521,0.00521,0.00521,180.546,False,,3.0,3.0
41.056,False,False,False,True,0.00521,0.00521,0.00521,180.599,False,,3.0,3.0
41.088,False,False,False,True,0.00521,0.00521,0.00521,180.645,False,,3.0,3.0
41.12,False,False,False,True,0.00521,0.00521,0.00521,180.688,False,,3.0,3.0
41.152,False,False,False,True,0.00521,0.00521,0.00521,180.712,False,,3.0,3.0
41.184,False,False,False,True,0.00521,0.00521,0.00521,180.769,False,,3.0,3.0
41.216,False,False,False,True,0.00521,0.00521,0.00521,180.793,False,,3.0,3.0
41.248,False,False,False,True,0.00521,0.00521,0.00521,180.808,False,,3.0,3.0
41.28,False,False,False,True,0.00521,0.00521,0.00521,180.836,False,,3.0,3.0
41.312,False,False,False,True,0.00521,0.00521,0.00521,180.861,False,,3.0,3.0
41.344,False,False,False,True,0.00521,0.00521,0.00521,180.876,False,,3.0,3.0
41.376,False,False,False,True,0.00521,0.00521,0.00521,180.853,False,,3.0,3.0
41.408,False,False,False,True,0.00521,0.00521,0.00521,180.902,False,,3.0,3.0
41.44,False,False,False,True,0.00521,0.00521,0.00521,180.899,False,,3.0,3.0
41.472,False,False,False,True,0.00521,0.00521,0.00521,180.896,False,,3.0,3.0
41.504,False,False,False,True,0.00521,0.00521,0.00521,180.938,False,,3.0,3.0
41.536,False,False,False,True,0.00521,0.00521,0.00521,180.896,False,,3.0,3.0
41.568,False,False,False,True,0.00521,0.00521,0.00521,180.902,False,,3.0,3.0
41.6,False,False,False,True,0.00521,0.00521,0.00521,180.906,False,,3.0,3.0
41.632,False,False,False,True,0.00521,0.00521,0.00521,180.865,False,,3.0,3.0
41.664,False,False,False,True,0.00521,0.00521,0.00521,180.824,False,,3.0,3.0
41.696,False,False,False,True,0.00521,0.00521,0.00521,180.808,False,,3.0,3.0
41.728,False,False,False,True,0.00521,0.00521,0.00521,180.749,False,,3.0,3.0
41.76,False,False,False,True,0.00521,0.00521,0.00521,180.688,False,,3.0,3.0
41.792,False,False,False,True,0.00521,0.00521,0.00521,180.645,False,,3.0,3.0
41.824,False,False,False,True,0.00521,0.00521,0.00521,180.546,False,,3.0,3.0
41.856,False,False,False,True,0.00521,0.00521,0.00521,180.458,False,,3.0,3.0
41.888,False,False,False,True,0.00521,0.00521,0.00521,180.38,False,,3.0,3.0
41.92,False,False,False,True,0.00521,0.00521,0.00521,180.301,False,,3.0,3.0
41.952,False,False,False,True,0.00521,0.00521,0.00521,180.184,False,,3.0,3.0
41.984,False,False,False,True,0.00521,0.00521,0.00521,180.09,False,,3.0,3.0
42.016,False,False,False,True,0.00521,0.00521,0.00521,180.012,False,,3.0,3.0
42.048,False,False,False,True,0.00521,0.00521,0.00521,179.898,False,,3.0,3.0
42.08,False,False,False,True,0.00521,0.00521,0.00521,179.757,False,,3.0,3.0
42.112,False,False,False,True,0.00521,0.00521,0.00521,179.664,False,,3.0,3.0
42.144,False,False,False,True,0.00521,0.00521,0.00521,179.522,False,,3.0,3.0
42.176,False,False,False,True,0.00521,0.00521,0.00521,179.391,False,,3.0,3.0
42.208,False,False,False,True,0.00521,0.00521,0.00521,179.28,False,,3.0,3.0
42.24,False,False,False,True,0.00521,0.00521,0.00521,179.104,False,,3.0,3.0
42.272,False,False,False,True,0.00521,0.00521,0.00521,178.956,False,,3.0,3.0
42.304,False,False,False,True,0.00521,0.00521,0.00521,178.87,False,,3.0,3.0
42.336,False,False,False,True,0.00521,0.00521,0.00521,178.576,False,,3.0,3.0
42.368,False,False,False,True,0.00521,0.00521,0.00521,178.359,False,,3.0,3.0
42.4,False,False,False,True,0.00521,0.00521,0.00521,178.104,False,,3.0,3.0
42.432,False,False,False,True,0.00521,0.00521,0.00521,177.89,False,,3.0,3.0
42.464,False,False,False,True,0.00521,0.00521,0.00521,177.609,False,,3.0,3.0
42.496,False,False,False,True,0.00521,0.00521,0.00521,177.339,False,,3.0,3.0
42.528,False,False,False,True,0.00521,0.00521,0.00521,177.079,False,,3.0,3.0
42.56,False,False,False,True,0.00521,0.00521,0.00521,176.784,False,,3.0,3.0
42.592,False,False,False,True,0.00521,0.00521,0.00521,176.476,False,,3.0,3.0
42.624,False,False,False,True,0.00521,0.00521,0.00521,176.195,False,,3.0,3.0
42.656,False,False,False,True,0.00521,0.00521,0.00521,175.852,False,,3.0,3.0
42.688,False,False,False,True,0.00521,0.00521,0.00095,175.479,False,,3.0,3.0
42.72,False,False,False,True,0.00477,0.0,0.0,175.173,False,,3.0,3.0
42.752,False,False,False,True,0.0,0.0,0.0,174.698,False,,3.0,3.0
42.784,True,False,False,True,0.0,0.0,0.0,174.282,False,,0.0,3.0
42.816,False,False,False,True,0.00521,0.00502,0.0,170.669,False,,3.0,3.0
42.848,False,False,False,True,0.0,0.0,0.0,170.255,False,,3.0,3.0
42.88,False,False,False,True,0.0,0.0,0.0,169.923,False,,3.0,3.0
42.912,True,False,False,True,0.0,0.0,0.0,169.967,False,,0.0,3.0
42.944,True,False,False,True,0.0,0.0,0.0,165.132,False,,0.0,3.0
42.976,True,False,False,True,0.0,0.0,0.0,160.173,False,,0.0,3.0
43.008,True,False,False,True,0.0,0.0,0.0,154.641,False,,0.0,3.0
43.04,True,False,False,True,0.0,0.0,0.0,148.491,False,,0.0,3.0
43.072,True,False,False,True,0.0,0.0,0.0,141.666,False,,0.0,3.0
43.104,True,False,False,True,0.0,0.0,0.0,134.418,False,,0.0,3.0
43.136,True,False,False,True,0.0,0.0,0.0,127.137,False,,0.0,3.0
43.168,True,False,False,True,0.00062,0.0,0.0,119.936,False,,0.0,3.0
43.2,True,False,False,True,0.00155,0.0,0.0,112.537,False,,0.0,3.0
43.232,True,False,False,True,0.00248,0.0,0.0,105.094,False,,0.0,3.0
43.264,True,False,False,True,0.00335,0.0,0.0,97.555,False,,0.0,3.0
43.296,True,False,False,True,0.00428,0.0,0.0,89.878,False,,0.0,3.0
43.328,True,False,False,True,0.0049,0.0,0.0,82.14,False,,0.0,3.0
43.36,False,False,False,True,0.00521,0.00031,0.0,74.311,False,,3.0,3.0
43.392,False,False,False,True,0.00298,0.0,0.0,74.629,False,,3.0,3.0
43.424,False,False,False,True,0.00329,0.0,0.0,72.127,False,,3.0,3.0
43.456,True,False,False,True,0.00366,0.0,0.0,69.747,False,,0.0,3.0
43.488,True,False,False,True,0.00434,0.0,0.0,61.334,False,,0.0,3.0
43.52,False,False,False,True,0.00502,0.0,0.0,52.994,False,,3.0,3.0
43.552,False,False,False,True,0.00279,0.0,0.0,53.243,False,,3.0,3.0
43.584,False,False,False,True,0.00304,0.0,0.0,51.03,False,,3.0,3.0
43.616,True,False,False,True,0.00341,0.0,0.0,48.799,False,,0.0,3.0
43.648,True,False,False,True,0.00403,0.0,0.0,41.42,False,,0.0,3.0
43.68,True,False,False,True,0.00471,0.0,0.0,34.921,False,,0.0,3.0
43.712,False,False,False,True,0.00527,0.00019,0.0,29.43,False,,3.0,3.0
43.744,False,False,False,True,0.00378,0.0,0.0,29.646,False,,3.0,3.0
43.776,False,False,False,True,0.00391,0.0,0.0,28.232,False,,3.0,3.0
43.808,True,False,False,True,0.00446,0.0,0.0,26.948,False,,0.0,3.0
43.84,False,False,False,True,0.00515,0.0,0.0,23.264,False,,3.0,3.0
43.872,False,False,False,True,0.00366,0.0,0.0,23.355,False,,3.0,3.0
43.904,False,False,False,True,0.00391,0.0,0.0,22.641,False,,3.0,3.0
43.936,True,False,False,True,0.00428,0.0,0.0,22.08,False,,0.0,3.0
43.968,False,False,False,True,0.00515,0.0,0.0,20.816,False,,3.0,3.0
44.0,False,False,False,True,0.00372,0.0,0.0,20.765,False,,3.0,3.0
44.032,False,False,False,True,0.00372,0.0,0.0,20.802,False,,3.0,3.0
44.064,True,False,False,True,0.00415,0.0,0.0,20.846,False,,0.0,3.0
44.096,True,False,False,True,0.00477,0.0,0.0,20.296,False,,0.0,3.0
44.128,False,False,False,True,0.00601,0.0,0.0,19.828,False,,3.0,3.0
44.16,False,False,False,True,0.00453,0.0,0.0,19.806,False,,3.0,3.0
44.192,False,False,False,True,0.00484,0.0,0.0,19.837,False,,3.0,3.0
44.224,False,False,False,True,0.00533,0.0,0.0,19.86,False,,3.0,3.0
44.256,False,False,False,True,0.00484,0.0,0.0,19.863,False,,3.0,3.0
44.288,False,False,False,True,0.00446,0.0,0.0,19.868,False,,3.0,3.0
44.32,True,False,False,True,0.00384,0.0,0.0,19.864,False,,0.0,3.0
44.352,True,False,False,True,0.00496,0.0,0.0,19.492,False,,0.0,3.0
44.384,False,False,False,True,0.00645,0.0,0.0,19.178,False,,3.0,3.0
44.416,False,False,False,True,0.00477,0.0,0.0,19.156,False,,3.0,3.0
44.448,False,False,False,True,0.00484,0.0,0.0,19.17,False,,3.0,3.0
44.48,False,False,False,True,0.00508,0.0,0.0,19.177,False,,3.0,3.0
44.512,False,False,False,True,0.00471,0.0,0.0,19.171,False,,3.0,3.0
44.544,False,False,False,True,0.00415,0.0,0.0,19.163,False,,3.0,3.0
44.576,True,False,False,True,0.00384,0.0,0.0,19.165,False,,0.0,3.0
44.608,False,False,False,True,0.00539,0.0,0.0,18.911,False,,3.0,3.0
44.64,False,False,False,True,0.00397,0.0,0.0,18.902,False,,3.0,3.0
44.672,False,False,False,True,0.00403,0.0,0.0,18.908,False,,3.0,3.0
44.704,True,False,False,True,0.00415,0.0,0.0,18.918,False,,0.0,3.0
44.736,False,False,False,True,0.00564,0.0,0.0,18.713,False,,3.0,3.0
44.768,False,False,False,True,0.0044,0.0,0.0,18.708,False,,3.0,3.0
44.8,False,False,False,True,0.00446,0.0,0.0,18.737,False,,3.0,3.0
44.832,True,False,False,True,0.00453,0.0,0.0,18.764,False,,0.0,3.0
44.864,False,False,False,True,0.0062,0.0,0.0,18.611,False,,3.0,3.0
44.896,False,False,False,True,0.0049,0.0,0.0,18.604,False,,3.0,3.0
44.928,False,False,False,True,0.00546,0.0,0.0,18.62,False,,3.0,3.0
44.96,False,False,False,True,0.00515,0.0,0.0,18.626,False,,3.0,3.0
44.992,False,False,True,True,0.00521,0.0,0.0,18.621,False,,0.0,3.0
45.024,False,False,True,True,0.00713,0.0,0.0,18.49,False,,0.0,3.0
45.056,False,False,True,True,0.01234,0.0,0.0,18.377,False,,0.0,3.0
45.088,False,False,True,True,0.01668,0.00012,0.0,18.257,False,,0.0,3.0
45.12,False,False,True,True,0.01904,0.00186,0.0,18.142,False,,0.0,3.0
45.152,False,False,True,True,0.01873,0.00353,0.0,18.028,False,,0.0,3.0
45.184,False,False,True,True,0.01798,0.00515,0.0,17.935,False,,0.0,3.0
45.216,False,False,True,True,0.01885,0.00663,0.0,17.882,False,,0.0,3.0
45.248,False,False,True,True,0.01773,0.00936,0.0,17.818,False,,0.0,3.0
45.28,False,False,True,True,0.01122,0.01308,0.0,17.736,False,,0.0,3.0
45.312,False,False,True,True,0.01376,0.01488,0.0013,17.645,False,,0.0,3.0
45.344,False,False,True,True,0.01054,0.01749,0.00284,17.587,False,,0.0,3.0
45.376,False,False,True,True,0.01042,0.01767,0.00432,17.565,False,,0.0,3.0
45.408,False,False,False,True,0.01042,0.01879,0.0055,17.57,False,,3.0,3.0
45.44,False,False,False,True,0.01042,0.01897,0.00556,17.61,False,,3.0,3.0
45.472,False,False,False,True,0.01042,0.01897,0.0055,17.674,False,,3.0,3.0
45.504,False,False,False,True,0.01042,0.01891,0.00568,17.763,False,,3.0,3.0
45.536,False,False,False,True,0.01042,0.01879,0.00562,17.87,False,,3.0,3.0
45.568,False,False,False,True,0.01042,0.01823,0.00568,17.964,False,,3.0,3.0
45.6,False,False,False,True,0.01042,0.01817,0.00556,18.038,False,,3.0,3.0
45.632,False,False,False,True,0.01042,0.01823,0.0055,18.091,False,,3.0,3.0
45.664,False,False,False,True,0.01042,0.01835,0.00556,18.123,False,,3.0,3.0
45.696,False,False,False,True,0.01042,0.01842,0.0055,18.132,False,,3.0,3.0
45.728,False,False,False,True,0.01042,0.01823,0.00556,18.111,False,,3.0,3.0
45.76,False,False,False,True,0.01042,0.01643,0.00556,18.09,False,,3.0,3.0
45.792,False,False,False,True,0.01042,0.01848,0.00562,18.08,False,,3.0,3.0
45.824,False,False,False,True,0.01042,0.01842,0.00556,18.085,False,,3.0,3.0
45.856,False,False,False,True,0.01042,0.01842,0.0055,18.092,False,,3.0,3.0
45.888,False,False,False,True,0.01042,0.01823,0.00556,18.089,False,,3.0,3.0
45.92,False,False,False,True,0.01042,0.01804,0.0055,18.075,False,,3.0,3.0
45.952,False,False,False,True,0.01042,0.01817,0.00556,18.065,False,,3.0,3.0
45.984,False,False,False,True,0.01042,0.01811,0.00568,18.073,False,,3.0,3.0
46.016,False,False,False,True,0.01042,0.01829,0.00562,18.105,False,,3.0,3.0
46.048,False,False,False,True,0.01042,0.01823,0.00539,18.139,False,,3.0,3.0
46.08,False,False,False,True,0.01042,0.01829,0.0055,18.155,False,,3.0,3.0
46.112,False,False,False,True,0.01042,0.01823,0.00539,18.173,False,,3.0,3.0
46.144,False,False,False,True,0.01042,0.01811,0.00545,18.204,False,,3.0,3.0
46.176,False,False,False,True,0.01042,0.01811,0.0055,18.251,False,,3.0,3.0
46.208,False,False,False,True,0.01042,0.01792,0.00556,18.296,False,,3.0,3.0
46.24,False,False,False,True,0.01042,0.01786,0.0055,18.33,False,,3.0,3.0
46.272,False,False,False,True,0.01042,0.01811,0.00562,18.357,False,,3.0,3.0
46.304,False,False,False,True,0.01042,0.01811,0.00556,18.392,False,,3.0,3.0
46.336,False,False,False,True,0.01042,0.01804,0.00562,18.441,False,,3.0,3.0
46.368,False,False,False,True,0.01042,0.01786,0.00556,18.422,False,,3.0,3.0
46.4,False,False,False,True,0.01042,0.01786,0.00574,18.393,False,,3.0,3.0
46.432,False,False,False,True,0.01042,0.01798,0.00568,18.369,False,,3.0,3.0
46.464,False,False,False,True,0.01042,0.01798,0.00562,18.349,False,,3.0,3.0
46.496,False,False,False,True,0.01042,0.01786,0.00562,18.328,False,,3.0,3.0
46.528,False,False,False,True,0.01042,0.01798,0.00562,18.288,False,,3.0,3.0
46.56,False,False,False,True,0.01042,0.01804,0.0055,18.234,False,,3.0,3.0
46.592,False,False,False,True,0.01042,0.01811,0.00562,18.186,False,,3.0,3.0
46.624,False,False,False,True,0.01042,0.01811,0.00556,18.208,False,,3.0,3.0
46.656,False,False,False,True,0.01042,0.01798,0.00562,18.25,False,,3.0,3.0
46.688,False,False,False,True,0.01042,0.01817,0.00568,18.274,False,,3.0,3.0
46.72,False,False,False,True,0.01042,0.01804,0.00562,18.29,False,,3.0,3.0
46.752,False,False,False,True,0.01042,0.01829,0.00574,18.305,False,,3.0,3.0
46.784,False,False,False,True,0.01042,0.0178,0.00562,18.324,False,,3.0,3.0
46.816,False,False,False,True,0.01042,0.01798,0.00556,18.338,False,,3.0,3.0
46.848,False,False,False,True,0.01042,0.01804,0.00556,18.351,False,,3.0,3.0
46.88,False,False,False,True,0.01042,0.01817,0.00539,18.361,False,,3.0,3.0
46.912,False,False,False,True,0.01042,0.01817,0.0055,18.385,False,,3.0,3.0
46.944,False,False,False,True,0.01042,0.01817,0.00556,18.422,False,,3.0,3.0
46.976,False,False,False,True,0.01042,0.01792,0.00556,18.464,False,,3.0,3.0
47.008,False,False,False,True,0.01042,0.01792,0.00562,18.508,False,,3.0,3.0
47.04,False,False,False,True,0.01042,0.01798,0.00545,18.549,False,,3.0,3.0
47.072,False,False,False,True,0.01042,0.01811,0.00545,18.59,False,,3.0,3.0
47.104,False,False,False,True,0.01042,0.01798,0.00556,18.629,False,,3.0,3.0
47.136,False,False,False,True,0.01042,0.01798,0.00556,18.651,False,,3.0,3.0
47.168,False,False,False,True,0.01042,0.01829,0.00574,18.648,False,,3.0,3.0
47.2,False,False,False,True,0.01042,0.01823,0.0055,18.63,False,,3.0,3.0
47.232,False,False,False,True,0.01042,0.01817,0.00545,18.605,False,,3.0,3.0
47.264,False,False,False,True,0.01042,0.01811,0.00568,18.581,False,,3.0,3.0
47.296,False,False,False,True,0.01042,0.01792,0.00562,18.549,False,,3.0,3.0
47.328,False,False,False,True,0.01042,0.01804,0.00574,18.52,False,,3.0,3.0
47.36,False,False,False,True,0.01042,0.01817,0.00574,18.505,False,,3.0,3.0
47.392,False,False,False,True,0.01042,0.01823,0.00562,18.513,False,,3.0,3.0
47.424,False,False,False,True,0.01042,0.01823,0.00545,18.552,False,,3.0,3.0
47.456,False,False,False,True,0.01042,0.01823,0.00545,18.602,False,,3.0,3.0
47.488,False,False,False,True,0.01042,0.01823,0.00539,18.651,False,,3.0,3.0
47.52,False,False,False,True,0.01042,0.0186,0.00539,18.685,False,,3.0,3.0
47.552,False,False,False,True,0.01042,0.0186,0.00556,18.679,False,,3.0,3.0
47.584,False,False,False,True,0.01042,0.0186,0.0055,18.676,False,,3.0,3.0
47.616,False,False,False,True,0.01042,0.01829,0.00556,18.718,False,,3.0,3.0
47.648,False,False,False,True,0.00521,0.01798,0.0055,18.796,False,,3.0,3.0
47.68,False,False,False,True,0.01042,0.01854,0.0055,18.846,False,,3.0,3.0
47.712,False,False,False,True,0.01042,0.01835,0.00568,18.849,False,,3.0,3.0
47.744,False,False,False,True,0.01042,0.01866,0.00574,18.829,False,,3.0,3.0
47.776,False,False,False,True,0.01042,0.01904,0.0055,18.815,False,,3.0,3.0
47.808,False,False,False,True,0.01042,0.01835,0.00574,18.791,False,,3.0,3.0
47.84,False,False,False,True,0.01042,0.01829,0.00556,18.766,False,,3.0,3.0
47.872,False,False,False,True,0.01042,0.01798,0.0055,18.735,False,,3.0,3.0
47.904,False,False,False,True,0.01042,0.01804,0.0055,18.691,False,,3.0,3.0
47.936,False,False,False,True,0.01042,0.01829,0.0055,18.634,False,,3.0,3.0
47.968,False,False,False,True,0.01042,0.01904,0.00562,18.609,False,,3.0,3.0
48.0,False,False,False,True,0.01042,0.01904,0.00556,18.617,False,,3.0,3.0
48.032,False,False,False,True,0.01042,0.01897,0.00562,18.638,False,,3.0,3.0
48.064,False,False,False,True,0.01042,0.01792,0.0055,18.657,False,,3.0,3.0
48.096,False,False,False,True,0.01042,0.01786,0.00562,18.665,False,,3.0,3.0
48.128,False,False,False,True,0.01042,0.01811,0.00562,18.657,False,,3.0,3.0
48.16,False,False,False,True,0.01042,0.01786,0.00574,18.647,False,,3.0,3.0
48.192,False,False,False,True,0.01042,0.01786,0.00574,18.647,False,,3.0,3.0
48.224,False,False,False,True,0.01042,0.01817,0.00562,18.667,False,,3.0,3.0
48.256,False,False,False,True,0.01042,0.01823,0.00556,18.7,False,,3.0,3.0
48.288,False,False,False,True,0.01042,0.01798,0.00545,18.732,False,,3.0,3.0
48.32,False,False,False,True,0.01042,0.01786,0.00539,18.735,False,,3.0,3.0
48.352,False,False,False,True,0.01042,0.01786,0.0055,18.707,False,,3.0,3.0
48.384,False,False,False,True,0.01042,0.01885,0.00556,18.675,False,,3.0,3.0
48.416,False,False,False,True,0.01042,0.01786,0.00545,18.644,False,,3.0,3.0
48.448,False,False,False,True,0.01042,0.01792,0.00556,18.599,False,,3.0,3.0
48.48,False,False,False,True,0.01042,0.01811,0.00562,18.543,False,,3.0,3.0
48.512,False,False,False,True,0.01042,0.01786,0.00556,18.483,False,,3.0,3.0
48.544,False,False,False,True,0.01042,0.01804,0.00568,18.433,False,,3.0,3.0
48.576,False,False,False,True,0.01042,0.01817,0.00568,18.397,False,,3.0,3.0
48.608,False,False,False,True,0.01042,0.01817,0.00556,18.393,False,,3.0,3.0
48.64,False,False,False,True,0.01042,0.01804,0.00556,18.392,False,,3.0,3.0
48.672,False,False,False,True,0.01042,0.01804,0.0055,18.411,False,,3.0,3.0
48.704,False,False,False,True,0.01042,0.01786,0.00562,18.431,False,,3.0,3.0
48.736,False,False,False,True,0.01042,0.01811,0.00556,18.438,False,,3.0,3.0
48.768,False,False,False,True,0.01042,0.01804,0.00556,18.446,False,,3.0,3.0
48.8,False,False,False,True,0.01042,0.01823,0.00556,18.446,False,,3.0,3.0
48.832,False,False,False,True,0.01042,0.01829,0.00562,18.437,False,,3.0,3.0
48.864,False,False,False,True,0.01042,0.01835,0.00556,18.421,False,,3.0,3.0
48.896,False,False,False,True,0.01042,0.01811,0.00556,18.393,False,,3.0,3.0
48.928,False,False,False,True,0.01042,0.01835,0.00539,18.35,False,,3.0,3.0
48.96,False,False,False,True,0.01042,0.01811,0.00556,18.303,False,,3.0,3.0
48.992,False,False,False,True,0.01042,0.01811,0.0055,18.255,False,,3.0,3.0
49.024,False,False,False,True,0.01042,0.01811,0.00556,18.199,False,,3.0,3.0
49.056,False,False,False,True,0.01042,0.01804,0.00539,18.161,False,,3.0,3.0
49.088,False,False,False,True,0.01042,0.01786,0.00562,18.145,False,,3.0,3.0
49.12,False,False,False,True,0.01042,0.01792,0.00545,18.162,False,,3.0,3.0
49.152,False,False,False,True,0.01042,0.01792,0.00539,18.181,False,,3.0,3.0
49.184,False,False,False,True,0.01042,0.01817,0.00545,18.197,False,,3.0,3.0
49.216,False,False,False,True,0.01042,0.01792,0.00539,18.218,False,,3.0,3.0
49.248,False,False,False,True,0.00521,0.01625,0.0055,18.244,False,,3.0,3.0
49.28,False,False,False,True,0.00521,0.01606,0.00545,18.263,False,,3.0,3.0
49.312,False,False,False,True,0.00521,0.01618,0.00545,18.283,False,,3.0,3.0
49.344,False,False,False,True,0.00521,0.01612,0.00545,18.289,False,,3.0,3.0
49.376,False,False,False,True,0.00521,0.01625,0.0055,18.289,False,,3.0,3.0
49.408,False,False,False,True,0.00521,0.01637,0.0055,18.292,False,,3.0,3.0
49.44,False,False,False,True,0.00521,0.01618,0.00545,18.27,False,,3.0,3.0
49.472,False,False,False,True,0.00521,0.01625,0.0055,18.208,False,,3.0,3.0
49.504,False,False,False,True,0.00521,0.01606,0.00539,18.131,False,,3.0,3.0
49.536,False,False,False,True,0.00521,0.01594,0.00562,18.064,False,,3.0,3.0
49.568,False,False,False,True,0.00521,0.01612,0.00568,18.006,False,,3.0,3.0
49.6,False,False,False,True,0.00521,0.01618,0.00568,17.951,False,,3.0,3.0
49.632,False,False,False,True,0.00521,0.01606,0.00562,17.938,False,,3.0,3.0
49.664,False,False,False,True,0.00521,0.01587,0.00556,17.939,False,,3.0,3.0
49.696,False,False,False,True,0.00521,0.01606,0.00568,17.949,False,,3.0,3.0
49.728,False,False,False,True,0.00521,0.01594,0.00568,17.993,False,,3.0,3.0
49.76,False,False,False,True,0.00521,0.01618,0.00562,18.055,False,,3.0,3.0
49.792,False,False,False,True,0.00521,0.016,0.00562,18.103,False,,3.0,3.0
49.824,False,False,False,True,0.00521,0.01618,0.00568,18.112,False,,3.0,3.0
49.856,False,False,False,True,0.01042,0.01817,0.00562,18.098,False,,3.0,3.0
49.888,False,False,False,True,0.00521,0.01631,0.00562,18.079,False,,3.0,3.0
49.92,False,False,False,True,0.00521,0.01637,0.00568,18.053,False,,3.0,3.0
49.952,False,False,False,True,0.00521,0.01618,0.00568,17.999,False,,3.0,3.0
49.984,False,False,False,True,0.00521,0.01606,0.00568,17.911,False,,3.0,3.0
50.016,False,False,False,True,0.00521,0.01414,0.00562,17.802,False,,3.0,3.0
50.048,False,False,False,True,0.00521,0.0142,0.00562,17.704,False,,3.0,3.0
50.08,False,False,False,True,0.00521,0.01426,0.00562,17.638,False,,3.0,3.0
50.112,False,False,False,True,0.00521,0.01414,0.00556,17.602,False,,3.0,3.0
50.144,False,False,False,True,0.00521,0.0142,0.00568,17.597,False,,3.0,3.0
50.176,False,False,False,True,0.00521,0.01414,0.00568,17.61,False,,3.0,3.0
50.208,False,False,False,True,0.00521,0.01401,0.00562,17.62,False,,3.0,3.0
50.24,False,False,False,True,0.00521,0.01389,0.00556,17.624,False,,3.0,3.0
50.272,False,False,False,True,0.00521,0.01389,0.00556,17.628,False,,3.0,3.0
50.304,False,False,False,True,0.00521,0.01594,0.00556,17.612,False,,3.0,3.0
50.336,False,False,False,True,0.00521,0.01612,0.00539,17.587,False,,3.0,3.0
50.368,False,False,False,True,0.00521,0.01432,0.0055,17.561,False,,3.0,3.0
50.4,False,False,False,True,0.00521,0.0142,0.00545,17.536,False,,3.0,3.0
50.432,False,False,False,True,0.00521,0.01426,0.00556,17.524,False,,3.0,3.0
50.464,False,False,False,True,0.00521,0.01463,0.00562,17.538,False,,3.0,3.0
50.496,False,False,False,True,0.00521,0.01432,0.00556,17.563,False,,3.0,3.0
50.528,False,False,False,True,0.00521,0.0142,0.0055,17.583,False,,3.0,3.0
50.56,False,False,False,True,0.00521,0.0142,0.00556,17.598,False,,3.0,3.0
50.592,False,False,False,True,0.00521,0.01407,0.00562,17.61,False,,3.0,3.0
50.624,False,False,False,True,0.00521,0.01426,0.00562,17.617,False,,3.0,3.0
50.656,False,False,False,True,0.00521,0.01445,0.00568,17.629,False,,3.0,3.0
50.688,False,False,False,True,0.00521,0.01451,0.00556,17.647,False,,3.0,3.0
50.72,False,False,False,True,0.00521,0.01457,0.00556,17.664,False,,3.0,3.0
50.752,False,False,False,True,0.00521,0.01631,0.00545,17.684,False,,3.0,3.0
50.784,False,False,False,True,0.00521,0.01643,0.0055,17.703,False,,3.0,3.0
50.816,False,False,False,True,0.00521,0.01625,0.00562,17.705,False,,3.0,3.0
50.848,False,False,False,True,0.00521,0.01612,0.00539,17.704,False,,3.0,3.0
50.88,False,False,False,True,0.00521,0.01625,0.00562,17.692,False,,3.0,3.0
50.912,False,False,False,True,0.00521,0.016,0.00568,17.666,False,,3.0,3.0
50.944,False,False,False,True,0.00521,0.01606,0.00574,17.636,False,,3.0,3.0
50.976,False,False,False,True,0.00521,0.016,0.00556,17.595,False,,3.0,3.0
51.008,False,False,False,True,0.00521,0.016,0.00568,17.547,False,,3.0,3.0
51.04,False,False,False,True,0.00521,0.01606,0.00574,17.509,False,,3.0,3.0
51.072,False,False,False,True,0.00521,0.01618,0.00556,17.498,False,,3.0,3.0
51.104,False,False,False,True,0.00521,0.01637,0.00562,17.525,False,,3.0,3.0
51.136,False,False,False,True,0.00521,0.01618,0.00545,17.557,False,,3.0,3.0
51.168,False,False,False,True,0.00521,0.01637,0.00545,17.593,False,,3.0,3.0
51.2,False,False,False,True,0.00521,0.01625,0.0055,17.629,False,,3.0,3.0
51.232,False,False,False,True,0.00521,0.01625,0.00556,17.667,False,,3.0,3.0
51.264,False,False,False,True,0.00521,0.01401,0.00562,17.703,False,,3.0,3.0
51.296,False,False,False,True,0.00521,0.01395,0.00562,17.728,False,,3.0,3.0
51.328,False,False,False,True,0.00521,0.01401,0.00562,17.73,False,,3.0,3.0
51.36,False,False,False,True,0.00521,0.01383,0.00568,17.704,False,,3.0,3.0
51.392,False,False,False,True,0.00521,0.01401,0.00574,17.7,False,,3.0,3.0
51.424,False,False,False,True,0.00521,0.01432,0.00556,17.728,False,,3.0,3.0
51.456,False,False,False,True,0.00521,0.01451,0.00556,17.768,False,,3.0,3.0
51.488,False,False,False,True,0.00521,0.01426,0.00574,17.793,False,,3.0,3.0
51.52,False,False,False,True,0.00521,0.01438,0.00574,17.801,False,,3.0,3.0
51.552,False,False,False,True,0.00521,0.01451,0.00568,17.795,False,,3.0,3.0
51.584,False,False,False,True,0.00521,0.01426,0.00568,17.8,False,,3.0,3.0
51.616,False,False,False,True,0.00521,0.01414,0.00556,17.805,False,,3.0,3.0
51.648,False,False,False,True,0.00521,0.01401,0.00568,17.796,False,,3.0,3.0
51.68,False,False,False,True,0.00521,0.01426,0.00568,17.794,False,,3.0,3.0
51.712,False,False,False,True,0.00521,0.01414,0.00568,17.764,False,,3.0,3.0
51.744,False,False,False,True,0.00521,0.01438,0.00568,17.728,False,,3.0,3.0
51.776,False,False,False,True,0.00521,0.01426,0.00568,17.704,False,,3.0,3.0
51.808,False,False,False,True,0.00521,0.01438,0.00568,17.689,False,,3.0,3.0
51.84,False,False,False,True,0.00521,0.01426,0.00568,17.684,False,,3.0,3.0
51.872,False,False,False,True,0.00521,0.01445,0.00556,17.687,False,,3.0,3.0
51.904,False,False,False,True,0.00521,0.01426,0.00568,17.713,False,,3.0,3.0
51.936,False,False,False,True,0.00521,0.01438,0.00568,17.783,False,,3.0,3.0
51.968,False,False,False,True,0.00521,0.01438,0.00562,17.867,False,,3.0,3.0
52.0,False,False,False,True,0.01042,0.01674,0.00568,17.951,False,,3.0,3.0
52.032,False,False,False,True,0.01042,0.01873,0.00562,18.02,False,,3.0,3.0
52.064,False,False,False,True,0.01042,0.0186,0.00562,18.069,False,,3.0,3.0
52.096,False,False,False,True,0.01042,0.01736,0.00568,18.107,False,,3.0,3.0
52.128,False,False,False,True,0.01042,0.01755,0.00562,18.155,False,,3.0,3.0
52.16,False,False,False,True,0.01042,0.01755,0.00568,18.2,False,,3.0,3.0
52.192,False,False,False,True,0.01042,0.01749,0.00562,18.206,False,,3.0,3.0
52.224,False,False,False,True,0.01042,0.01749,0.00562,18.147,False,,3.0,3.0
52.256,False,False,False,True,0.01042,0.01767,0.00562,18.058,False,,3.0,3.0
52.288,False,False,False,True,0.01042,0.01798,0.0058,18.007,False,,3.0,3.0
52.32,False,False,False,True,0.01042,0.01842,0.00574,17.981,False,,3.0,3.0
52.352,False,False,False,True,0.01042,0.01848,0.0058,17.975,False,,3.0,3.0
52.384,False,False,False,True,0.01042,0.0186,0.00574,17.952,False,,3.0,3.0
52.416,False,False,False,True,0.01042,0.0186,0.00568,17.926,False,,3.0,3.0
52.448,False,False,False,True,0.01042,0.01854,0.00568,17.91,False,,3.0,3.0
52.48,False,False,False,True,0.01042,0.01854,0.00574,17.917,False,,3.0,3.0
52.512,False,False,False,True,0.01042,0.01848,0.00568,17.919,False,,3.0,3.0
52.544,False,False,False,True,0.01042,0.0186,0.00556,17.885,False,,3.0,3.0
52.576,False,False,False,True,0.01042,0.01854,0.00562,17.828,False,,3.0,3.0
52.608,False,False,False,True,0.01042,0.01873,0.00556,17.755,False,,3.0,3.0
52.64,False,False,False,True,0.01042,0.0186,0.00556,17.677,False,,3.0,3.0
52.672,False,False,False,True,0.01042,0.01873,0.00556,17.612,False,,3.0,3.0
52.704,False,False,False,True,0.01042,0.01885,0.00562,17.569,False,,3.0,3.0
52.736,False,False,False,True,0.01042,0.0186,0.00545,17.538,False,,3.0,3.0
52.768,False,False,False,True,0.01042,0.01873,0.00562,17.534,False,,3.0,3.0
52.8,False,False,False,True,0.01042,0.01891,0.00562,17.542,False,,3.0,3.0
52.832,False,False,False,True,0.01042,0.01891,0.00562,17.544,False,,3.0,3.0
52.864,False,False,False,True,0.01042,0.01879,0.00556,17.541,False,,3.0,3.0
52.896,False,False,False,True,0.01042,0.0186,0.00556,17.533,False,,3.0,3.0
52.928,False,False,False,True,0.01042,0.01842,0.0055,17.529,False,,3.0,3.0
52.96,False,False,False,True,0.01042,0.01873,0.00568,17.529,False,,3.0,3.0
52.992,False,False,False,True,0.01042,0.01891,0.00562,17.547,False,,3.0,3.0
53.024,False,False,False,True,0.01042,0.01885,0.00568,17.574,False,,3.0,3.0
53.056,False,False,False,True,0.01042,0.01904,0.00568,17.6,False,,3.0,3.0
53.088,False,False,False,True,0.01042,0.01897,0.00562,17.629,False,,3.0,3.0
53.12,False,False,False,True,0.01042,0.01885,0.00556,17.664,False,,3.0,3.0
53.152,False,False,False,True,0.01042,0.01879,0.00562,17.707,False,,3.0,3.0
53.184,False,False,False,True,0.01042,0.01873,0.00556,17.748,False,,3.0,3.0
53.216,False,False,False,True,0.01042,0.01854,0.00556,17.806,False,,3.0,3.0
53.248,False,False,False,True,0.01042,0.01842,0.00556,17.875,False,,3.0,3.0
53.28,False,False,False,True,0.01042,0.01848,0.00568,17.941,False,,3.0,3.0
53.312,False,False,False,True,0.01042,0.01854,0.00556,18.001,False,,3.0,3.0
53.344,False,False,False,True,0.01042,0.01879,0.00568,18.062,False,,3.0,3.0
53.376,False,False,False,True,0.01042,0.01879,0.00574,18.13,False,,3.0,3.0
53.408,False,False,False,True,0.01042,0.0186,0.00562,18.188,False,,3.0,3.0
53.44,False,False,False,True,0.01042,0.01873,0.0055,18.232,False,,3.0,3.0
53.472,False,False,False,True,0.01042,0.0186,0.00562,18.244,False,,3.0,3.0
53.504,False,False,False,True,0.01042,0.01854,0.00545,18.238,False,,3.0,3.0
53.536,False,False,False,True,0.01042,0.01854,0.0055,18.23,False,,3.0,3.0
53.568,False,False,False,True,0.01042,0.01854,0.00556,18.211,False,,3.0,3.0
53.6,False,False,False,True,0.01042,0.01854,0.0055,18.169,False,,3.0,3.0
53.632,False,False,False,True,0.01042,0.01854,0.00545,18.102,False,,3.0,3.0
53.664,False,False,False,True,0.01042,0.01854,0.00539,18.031,False,,3.0,3.0
53.696,False,False,False,True,0.01042,0.01879,0.00556,17.98,False,,3.0,3.0
53.728,False,False,False,True,0.01042,0.01866,0.0055,17.949,False,,3.0,3.0
53.76,False,False,False,True,0.01042,0.01873,0.00539,17.933,False,,3.0,3.0
53.792,False,False,False,True,0.01042,0.01885,0.00556,17.926,False,,3.0,3.0
53.824,False,False,False,True,0.01042,0.01885,0.0055,17.938,False,,3.0,3.0
53.856,False,False,False,True,0.01042,0.01873,0.0055,17.955,False,,3.0,3.0
53.888,False,False,False,True,0.01042,0.01885,0.00568,17.978,False,,3.0,3.0
53.92,False,False,False,True,0.01042,0.01873,0.00568,18.045,False,,3.0,3.0
53.952,False,False,False,True,0.01042,0.01873,0.00556,18.12,False,,3.0,3.0
53.984,False,False,False,True,0.01042,0.01879,0.00556,18.208,False,,3.0,3.0
54.016,False,False,False,True,0.01042,0.01885,0.00556,18.299,False,,3.0,3.0
54.048,False,False,False,True,0.01042,0.01891,0.00562,18.361,False,,3.0,3.0
54.08,False,False,False,True,0.01042,0.01866,0.0055,18.391,False,,3.0,3.0
54.112,False,False,False,True,0.01042,0.01854,0.00539,18.386,False,,3.0,3.0
54.144,False,False,False,True,0.01042,0.01873,0.00562,18.395,False,,3.0,3.0
54.176,False,False,False,True,0.01042,0.01873,0.00545,18.41,False,,3.0,3.0
54.208,False,False,False,True,0.01042,0.0186,0.00545,18.377,False,,3.0,3.0
54.24,False,False,False,True,0.01042,0.01885,0.00545,18.331,False,,3.0,3.0
54.272,False,False,False,True,0.01042,0.01891,0.00545,18.277,False,,3.0,3.0
54.304,False,False,False,True,0.01042,0.01866,0.0055,18.241,False,,3.0,3.0
54.336,False,False,False,True,0.01042,0.01848,0.00556,18.236,False,,3.0,3.0
54.368,False,False,False,True,0.01042,0.01823,0.00568,18.248,False,,3.0,3.0
54.4,False,False,False,True,0.01042,0.01848,0.00545,18.258,False,,3.0,3.0
54.432,False,False,False,True,0.01042,0.01842,0.0055,18.287,False,,3.0,3.0
54.464,False,False,False,True,0.01042,0.01848,0.00562,18.31,False,,3.0,3.0
54.496,False,False,False,True,0.01042,0.01854,0.0055,18.327,False,,3.0,3.0
54.528,False,False,False,True,0.01042,0.01879,0.0055,18.342,False,,3.0,3.0
54.56,False,False,False,True,0.01042,0.01891,0.0055,18.334,False,,3.0,3.0
54.592,False,False,False,True,0.01042,0.01916,0.0055,18.317,False,,3.0,3.0
54.624,False,False,False,True,0.01042,0.01897,0.00562,18.303,False,,3.0,3.0
54.656,False,False,False,True,0.01042,0.0178,0.00556,18.299,False,,3.0,3.0
54.688,False,False,False,True,0.01042,0.0178,0.00556,18.304,False,,3.0,3.0
54.72,False,False,False,True,0.01042,0.0178,0.00545,18.346,False,,3.0,3.0
54.752,False,False,False,True,0.01042,0.01761,0.00574,18.411,False,,3.0,3.0
54.784,False,False,False,True,0.01042,0.01761,0.00562,18.422,False,,3.0,3.0
54.816,False,False,False,True,0.01042,0.01767,0.00556,18.433,False,,3.0,3.0
54.848,False,False,False,True,0.01042,0.01773,0.0055,18.449,False,,3.0,3.0
54.88,False,False,False,True,0.01042,0.0178,0.00556,18.455,False,,3.0,3.0
54.912,False,False,False,True,0.01042,0.01786,0.00556,18.458,False,,3.0,3.0
54.944,False,False,False,True,0.01042,0.01767,0.00562,18.491,False,,3.0,3.0
54.976,False,False,False,True,0.01042,0.01773,0.00556,18.523,False,,3.0,3.0
55.008,False,False,False,True,0.01042,0.01749,0.00556,18.53,False,,3.0,3.0
55.04,False,False,False,True,0.01042,0.0178,0.00556,18.492,False,,3.0,3.0
55.072,False,False,False,True,0.01042,0.01786,0.00545,18.418,False,,3.0,3.0
55.104,False,False,False,True,0.01042,0.01749,0.00568,18.308,False,,3.0,3.0
55.136,False,False,False,True,0.01042,0.01749,0.0055,18.191,False,,3.0,3.0
55.168,False,False,False,True,0.01042,0.0178,0.00556,18.084,False,,3.0,3.0
55.2,False,False,False,True,0.01042,0.0178,0.00568,17.98,False,,3.0,3.0
55.232,False,False,False,True,0.01042,0.01773,0.00568,17.901,False,,3.0,3.0
55.264,False,False,False,True,0.01042,0.01761,0.00568,17.842,False,,3.0,3.0
55.296,False,False,False,True,0.01042,0.01755,0.00574,17.807,False,,3.0,3.0
55.328,False,False,False,True,0.01042,0.01755,0.00568,17.8,False,,3.0,3.0
55.36,False,False,False,True,0.01042,0.0178,0.00562,17.805,False,,3.0,3.0
55.392,False,False,False,True,0.01042,0.01798,0.00568,17.813,False,,3.0,3.0
55.424,False,False,False,True,0.01042,0.01792,0.00568,17.841,False,,3.0,3.0
55.456,False,False,False,True,0.01042,0.01755,0.00568,17.88,False,,3.0,3.0
55.488,False,False,False,True,0.01042,0.01767,0.00574,17.9,False,,3.0,3.0
55.52,False,False,False,True,0.01042,0.01736,0.00574,17.91,False,,3.0,3.0
55.552,False,False,False,True,0.01042,0.01773,0.0055,17.915,False,,3.0,3.0
55.584,False,False,False,True,0.01042,0.0178,0.00562,17.914,False,,3.0,3.0
55.616,False,False,False,True,0.01042,0.01811,0.00568,17.92,False,,3.0,3.0
55.648,False,False,False,True,0.01042,0.01866,0.00574,17.941,False,,3.0,3.0
55.68,False,False,False,True,0.01042,0.0191,0.00574,17.95,False,,3.0,3.0
55.712,False,False,False,True,0.01042,0.0191,0.00562,17.934,False,,3.0,3.0
55.744,False,False,False,True,0.01042,0.01904,0.00568,17.919,False,,3.0,3.0
55.776,False,False,False,True,0.01042,0.01916,0.00562,17.92,False,,3.0,3.0
55.808,False,False,False,True,0.01042,0.01916,0.00562,17.918,False,,3.0,3.0
55.84,False,False,False,True,0.01042,0.0191,0.00568,17.908,False,,3.0,3.0
55.872,False,False,False,True,0.01042,0.01928,0.00556,17.896,False,,3.0,3.0
55.904,False,False,False,True,0.01042,0.01897,0.00556,17.897,False,,3.0,3.0
55.936,False,False,False,True,0.01042,0.01891,0.00568,17.914,False,,3.0,3.0
55.968,False,False,False,True,0.01042,0.0191,0.00562,17.933,False,,3.0,3.0
56.0,False,False,False,True,0.01042,0.01904,0.00568,17.949,False,,3.0,3.0
56.032,False,False,False,True,0.01042,0.0191,0.00562,17.96,False,,3.0,3.0
56.064,False,False,False,True,0.01042,0.01916,0.00568,17.979,False,,3.0,3.0
56.096,False,False,False,True,0.01042,0.01916,0.00574,17.997,False,,3.0,3.0
56.128,False,False,False,True,0.01042,0.01916,0.00568,18.002,False,,3.0,3.0
56.16,False,False,False,True,0.01042,0.0191,0.00574,17.991,False,,3.0,3.0
56.192,False,False,False,True,0.01042,0.01904,0.00574,17.973,False,,3.0,3.0
56.224,False,False,False,True,0.01042,0.01928,0.00568,17.95,False,,3.0,3.0
56.256,False,False,False,True,0.01042,0.01928,0.0058,17.946,False,,3.0,3.0
56.288,False,False,False,True,0.01042,0.01935,0.0058,17.959,False,,3.0,3.0
56.32,False,False,False,True,0.01042,0.01947,0.00574,17.979,False,,3.0,3.0
56.352,False,False,False,True,0.01042,0.01935,0.00568,18.007,False,,3.0,3.0
56.384,False,False,False,True,0.01042,0.01928,0.00574,18.04,False,,3.0,3.0
56.416,False,False,False,True,0.01042,0.01935,0.00568,18.065,False,,3.0,3.0
56.448,False,False,False,True,0.01042,0.01935,0.00574,18.1,False,,3.0,3.0
56.48,False,False,False,True,0.01042,0.01947,0.00562,18.171,False,,3.0,3.0
56.512,False,False,False,True,0.00521,0.016,0.00562,18.228,False,,3.0,3.0
56.544,False,False,False,True,0.01042,0.0178,0.00562,18.255,False,,3.0,3.0
56.576,False,False,False,True,0.01042,0.01773,0.00562,18.235,False,,3.0,3.0
56.608,False,False,False,True,0.01042,0.01786,0.00568,18.207,False,,3.0,3.0
56.64,False,False,False,True,0.01042,0.01767,0.00568,18.19,False,,3.0,3.0
56.672,False,False,False,True,0.01042,0.01761,0.00568,18.179,False,,3.0,3.0
56.704,False,False,False,True,0.01042,0.01761,0.00574,18.176,False,,3.0,3.0
56.736,False,False,False,True,0.01042,0.01761,0.00568,18.157,False,,3.0,3.0
56.768,False,False,False,True,0.01042,0.01749,0.00556,18.138,False,,3.0,3.0
56.8,False,False,False,True,0.01042,0.01755,0.00562,18.135,False,,3.0,3.0
56.832,False,False,False,True,0.01042,0.01761,0.00562,18.147,False,,3.0,3.0
56.864,False,False,False,True,0.01042,0.01773,0.00568,18.15,False,,3.0,3.0
56.896,False,False,False,True,0.01042,0.01761,0.00568,18.139,False,,3.0,3.0
56.928,False,False,False,True,0.01042,0.01786,0.00574,18.126,False,,3.0,3.0
56.96,False,False,False,True,0.01042,0.0178,0.00562,18.116,False,,3.0,3.0
56.992,False,False,False,True,0.01042,0.01767,0.00568,18.1,False,,3.0,3.0
57.024,False,False,False,True,0.01042,0.01761,0.00568,18.062,False,,3.0,3.0
57.056,False,False,False,True,0.01042,0.01749,0.00556,18.051,False,,3.0,3.0
57.088,False,False,False,True,0.01042,0.01761,0.00556,18.085,False,,3.0,3.0
57.12,False,False,False,True,0.01042,0.01767,0.00556,18.157,False,,3.0,3.0
57.152,False,False,False,True,0.01042,0.01773,0.00568,18.236,False,,3.0,3.0
57.184,False,False,False,True,0.01042,0.01786,0.00568,18.312,False,,3.0,3.0
57.216,False,False,False,True,0.01042,0.0178,0.00556,18.37,False,,3.0,3.0
57.248,False,False,False,True,0.01042,0.01823,0.0055,18.383,False,,3.0,3.0
57.28,False,False,False,True,0.01042,0.01804,0.00562,18.383,False,,3.0,3.0
57.312,False,False,False,True,0.01042,0.01804,0.00556,18.352,False,,3.0,3.0
57.344,False,False,False,True,0.01042,0.01811,0.00562,18.285,False,,3.0,3.0
57.376,False,False,False,True,0.01042,0.01811,0.00574,18.206,False,,3.0,3.0
57.408,False,False,False,True,0.01042,0.01786,0.00562,18.133,False,,3.0,3.0
57.44,False,False,False,True,0.01042,0.01786,0.0055,18.075,False,,3.0,3.0
57.472,False,False,False,True,0.01042,0.01811,0.00556,18.025,False,,3.0,3.0
57.504,False,False,False,True,0.01042,0.01786,0.00562,17.996,False,,3.0,3.0
57.536,False,False,False,True,0.01042,0.01798,0.00568,17.987,False,,3.0,3.0
57.568,False,False,False,True,0.01042,0.01798,0.00562,17.998,False,,3.0,3.0
57.6,False,False,False,True,0.01042,0.01811,0.0055,18.011,False,,3.0,3.0
57.632,False,False,False,True,0.01042,0.01798,0.00545,18.006,False,,3.0,3.0
57.664,False,False,False,True,0.01042,0.01811,0.00545,17.983,False,,3.0,3.0
57.696,False,False,False,True,0.01042,0.01798,0.00562,17.959,False,,3.0,3.0
57.728,False,False,False,True,0.01042,0.01798,0.00556,17.97,False,,3.0,3.0
57.76,False,False,False,True,0.01042,0.01804,0.00556,18.017,False,,3.0,3.0
57.792,False,False,False,True,0.01042,0.01798,0.00568,18.046,False,,3.0,3.0
57.824,False,False,False,True,0.01042,0.01798,0.00556,18.054,False,,3.0,3.0
57.856,False,False,False,True,0.01042,0.01798,0.00562,18.06,False,,3.0,3.0
57.888,False,False,False,True,0.01042,0.01811,0.0055,18.062,False,,3.0,3.0
57.92,False,False,False,True,0.01042,0.01829,0.00562,18.065,False,,3.0,3.0
57.952,False,False,False,True,0.01042,0.01798,0.00562,18.05,False,,3.0,3.0
57.984,False,False,False,True,0.01042,0.01773,0.00545,18.019,False,,3.0,3.0
58.016,False,False,False,True,0.01042,0.0178,0.00574,17.95,False,,3.0,3.0
58.048,False,False,False,True,0.01042,0.01792,0.0055,17.888,False,,3.0,3.0
58.08,False,False,False,True,0.01042,0.01786,0.00556,17.865,False,,3.0,3.0
58.112,False,False,False,True,0.01042,0.01811,0.0055,17.854,False,,3.0,3.0
58.144,False,False,False,True,0.01042,0.01798,0.00545,17.844,False,,3.0,3.0
58.176,False,False,False,True,0.01042,0.01792,0.00556,17.839,False,,3.0,3.0
58.208,False,False,False,True,0.01042,0.01804,0.00545,17.842,False,,3.0,3.0
58.24,False,False,False,True,0.01042,0.01798,0.00556,17.859,False,,3.0,3.0
58.272,False,False,False,True,0.01042,0.01811,0.00545,17.892,False,,3.0,3.0
58.304,False,False,False,True,0.01042,0.01811,0.00562,17.929,False,,3.0,3.0
58.336,False,False,False,True,0.01042,0.01804,0.0055,17.958,False,,3.0,3.0
58.368,False,False,False,True,0.01042,0.01804,0.0055,17.978,False,,3.0,3.0
58.4,False,False,False,True,0.01042,0.01817,0.0055,17.993,False,,3.0,3.0
58.432,False,False,False,True,0.01042,0.01842,0.0055,18.002,False,,3.0,3.0
58.464,False,False,False,True,0.01042,0.01835,0.0055,18.012,False,,3.0,3.0
58.496,False,False,False,True,0.01042,0.01835,0.0055,18.025,False,,3.0,3.0
58.528,False,False,False,True,0.01042,0.01835,0.0055,18.043,False,,3.0,3.0
58.56,False,False,False,True,0.01042,0.01829,0.0055,18.058,False,,3.0,3.0
58.592,False,False,False,True,0.01042,0.01804,0.0055,18.034,False,,3.0,3.0
58.624,False,False,False,True,0.01042,0.01823,0.0055,18.005,False,,3.0,3.0
58.656,False,False,False,True,0.01042,0.01823,0.00545,17.98,False,,3.0,3.0
58.688,False,False,False,True,0.01042,0.01804,0.00545,17.94,False,,3.0,3.0
58.72,False,False,False,True,0.01042,0.01804,0.00556,17.899,False,,3.0,3.0
58.752,False,False,False,True,0.01042,0.01798,0.0055,17.882,False,,3.0,3.0
58.784,False,False,False,True,0.01042,0.01792,0.00545,17.863,False,,3.0,3.0
58.816,False,False,False,True,0.01042,0.01817,0.0055,17.843,False,,3.0,3.0
58.848,False,False,False,True,0.01042,0.01829,0.0055,17.851,False,,3.0,3.0
58.88,False,False,False,True,0.01042,0.01842,0.0055,17.894,False,,3.0,3.0
58.912,False,False,False,True,0.01042,0.01848,0.00556,17.939,False,,3.0,3.0
58.944,False,False,False,True,0.01042,0.01829,0.0055,17.979,False,,3.0,3.0
58.976,False,False,False,True,0.01042,0.01842,0.00556,18.014,False,,3.0,3.0
59.008,False,False,False,True,0.01042,0.01842,0.0055,18.014,False,,3.0,3.0
59.04,False,False,False,True,0.01042,0.01804,0.0055,17.996,False,,3.0,3.0
59.072,False,False,False,True,0.00818,0.01829,0.00545,18.018,False,,3.0,3.0
59.104,False,False,False,True,0.00756,0.01842,0.00556,18.068,False,,3.0,3.0
59.136,False,False,False,True,0.00738,0.01811,0.00556,18.097,False,,3.0,3.0
59.168,False,False,False,True,0.00614,0.01804,0.00562,18.095,False,,3.0,3.0
59.2,False,False,False,True,0.00601,0.01842,0.00556,18.099,False,,3.0,3.0
59.232,False,False,False,True,0.00601,0.01811,0.00556,18.116,False,,3.0,3.0
59.264,False,False,False,True,0.00521,0.01736,0.00556,18.132,False,,3.0,3.0
59.296,False,False,False,True,0.00521,0.0173,0.00556,18.145,False,,3.0,3.0
59.328,False,False,False,True,0.00521,0.01736,0.00562,18.144,False,,3.0,3.0
59.36,False,False,False,True,0.00521,0.0173,0.00568,18.113,False,,3.0,3.0
59.392,False,False,False,True,0.00521,0.0173,0.00568,18.08,False,,3.0,3.0
59.424,False,False,False,True,0.00521,0.01711,0.00568,18.053,False,,3.0,3.0
59.456,False,False,False,True,0.00521,0.01643,0.00562,18.043,False,,3.0,3.0
59.488,False,False,False,True,0.00521,0.01656,0.00568,18.039,False,,3.0,3.0
59.52,False,False,False,True,0.00521,0.01674,0.00568,18.028,False,,3.0,3.0
59.552,False,False,False,True,0.00521,0.01687,0.00568,18.019,False,,3.0,3.0
59.584,False,False,False,True,0.00521,0.01687,0.00574,18.016,False,,3.0,3.0
59.616,False,False,False,True,0.00521,0.01687,0.00568,18.017,False,,3.0,3.0
59.648,False,False,False,True,0.00521,0.0168,0.00562,18.018,False,,3.0,3.0
59.68,False,False,False,True,0.00521,0.01643,0.00562,18.019,False,,3.0,3.0
59.712,False,False,False,True,0.00521,0.01643,0.00568,18.016,False,,3.0,3.0
59.744,False,False,False,True,0.00521,0.01674,0.00568,18.002,False,,3.0,3.0
59.776,False,False,False,True,0.00521,0.01668,0.00556,17.978,False,,3.0,3.0
59.808,False,False,False,True,0.00521,0.01656,0.00556,17.947,False,,3.0,3.0
59.84,False,False,False,True,0.00521,0.01668,0.00562,17.909,False,,3.0,3.0
59.872,False,False,False,True,0.00521,0.01668,0.00568,17.874,False,,3.0,3.0
59.904,False,False,False,True,0.00521,0.01662,0.00562,17.839,False,,3.0,3.0
59.936,False,False,False,True,0.00521,0.01687,0.00556,17.805,False,,3.0,3.0
59.968,False,False,False,True,0.00521,0.01662,0.00556,17.778,False,,3.0,3.0
60.0,False,False,False,True,0.00521,0.01631,0.00568,17.764,False,,3.0,3.0
60.032,False,False,False,True,0.00521,0.01662,0.00556,17.767,False,,3.0,3.0
60.064,False,False,False,True,0.00521,0.01625,0.00562,17.777,False,,3.0,3.0
60.096,False,False,False,True,0.00521,0.01643,0.00562,17.791,False,,3.0,3.0
60.128,False,False,False,True,0.00521,0.01612,0.00568,17.81,False,,3.0,3.0
60.16,False,False,False,True,0.00521,0.01625,0.00556,17.816,False,,3.0,3.0
60.192,False,False,False,True,0.00521,0.01643,0.00556,17.819,False,,3.0,3.0
60.224,False,False,False,True,0.00521,0.01637,0.00562,17.847,False,,3.0,3.0
60.256,False,False,False,True,0.00521,0.01625,0.00568,17.871,False,,3.0,3.0
60.288,False,False,False,True,0.00521,0.01618,0.00568,17.855,False,,3.0,3.0
60.32,False,False,False,True,0.00521,0.01631,0.00556,17.816,False,,3.0,3.0
60.352,False,False,False,True,0.00521,0.01606,0.0055,17.765,False,,3.0,3.0
60.384,False,False,False,True,0.00521,0.01612,0.00556,17.718,False,,3.0,3.0
60.416,False,False,False,True,0.00521,0.01618,0.0055,17.689,False,,3.0,3.0
60.448,False,False,False,True,0.00521,0.01625,0.00562,17.693,False,,3.0,3.0
60.48,False,False,False,True,0.00521,0.01625,0.0055,17.68,False,,3.0,3.0
60.512,False,False,False,True,0.00521,0.01637,0.00562,17.616,False,,3.0,3.0
60.544,False,False,False,True,0.00521,0.01631,0.00568,17.579,False,,3.0,3.0
60.576,False,False,False,True,0.00521,0.01618,0.00574,17.588,False,,3.0,3.0
60.608,False,False,False,True,0.00521,0.01612,0.00574,17.6,False,,3.0,3.0
60.64,False,False,False,True,0.00521,0.01618,0.00574,17.613,False,,3.0,3.0
60.672,False,False,False,True,0.00521,0.01637,0.00574,17.636,False,,3.0,3.0
60.704,False,False,False,True,0.00521,0.01637,0.0058,17.667,False,,3.0,3.0
60.736,False,False,False,True,0.00521,0.01656,0.00574,17.702,False,,3.0,3.0
60.768,False,False,False,True,0.00521,0.01631,0.00568,17.774,False,,3.0,3.0
60.8,False,False,False,True,0.00521,0.01649,0.00556,17.859,False,,3.0,3.0
60.832,False,False,False,True,0.00521,0.01606,0.00562,17.916,False,,3.0,3.0
60.864,False,False,False,True,0.00521,0.016,0.00568,17.959,False,,3.0,3.0
60.896,False,False,False,True,0.00521,0.01594,0.00562,17.994,False,,3.0,3.0
60.928,False,False,False,True,0.00521,0.016,0.00568,18.004,False,,3.0,3.0
60.96,False,False,False,True,0.00521,0.01569,0.00556,17.981,False,,3.0,3.0
60.992,False,False,False,True,0.00521,0.01594,0.00562,17.948,False,,3.0,3.0
61.024,False,False,False,True,0.00521,0.01587,0.00556,17.922,False,,3.0,3.0
61.056,False,False,False,True,0.00521,0.01587,0.00562,17.898,False,,3.0,3.0
61.088,False,False,False,True,0.00521,0.01569,0.00568,17.879,False,,3.0,3.0
61.12,False,False,False,True,0.00521,0.01575,0.00562,17.875,False,,3.0,3.0
61.152,False,False,False,True,0.00521,0.01612,0.0055,17.874,False,,3.0,3.0
61.184,False,False,False,True,0.00521,0.01612,0.0055,17.892,False,,3.0,3.0
61.216,False,False,False,True,0.00521,0.01612,0.00533,17.943,False,,3.0,3.0
61.248,False,False,False,True,0.00521,0.016,0.00556,18.022,False,,3.0,3.0
61.28,False,False,False,True,0.00521,0.01594,0.00556,18.092,False,,3.0,3.0
61.312,False,False,False,True,0.00521,0.01594,0.00568,18.144,False,,3.0,3.0
61.344,False,False,False,True,0.00521,0.01606,0.00562,18.185,False,,3.0,3.0
61.376,False,False,False,True,0.00521,0.01612,0.00556,18.241,False,,3.0,3.0
61.408,False,False,False,True,0.00521,0.01625,0.00562,18.296,False,,3.0,3.0
61.44,False,False,False,True,0.00521,0.01637,0.00556,18.327,False,,3.0,3.0
61.472,False,False,False,True,0.00521,0.01606,0.0055,18.334,False,,3.0,3.0
61.504,False,False,False,True,0.00521,0.01618,0.0055,18.323,False,,3.0,3.0
61.536,False,False,False,True,0.00521,0.01594,0.0055,18.298,False,,3.0,3.0
61.568,False,False,False,True,0.00521,0.01581,0.0055,18.281,False,,3.0,3.0
61.6,False,False,False,True,0.00521,0.01594,0.00562,18.273,False,,3.0,3.0
61.632,False,False,False,True,0.00521,0.01575,0.00556,18.27,False,,3.0,3.0
61.664,False,False,False,True,0.00521,0.01581,0.0055,18.283,False,,3.0,3.0
61.696,False,False,False,True,0.00521,0.01569,0.0055,18.303,False,,3.0,3.0
61.728,False,False,False,True,0.00521,0.01581,0.00562,18.306,False,,3.0,3.0
61.76,False,False,False,True,0.00521,0.01569,0.0055,18.271,False,,3.0,3.0
61.792,False,False,False,True,0.00521,0.01575,0.00562,18.239,False,,3.0,3.0
61.824,False,False,False,True,0.00521,0.01562,0.00562,18.204,False,,3.0,3.0
61.856,False,False,False,True,0.00521,0.01556,0.00562,18.146,False,,3.0,3.0
61.888,False,False,False,True,0.00521,0.01562,0.00562,18.087,False,,3.0,3.0
61.92,False,False,False,True,0.00521,0.01569,0.00556,18.029,False,,3.0,3.0
61.952,False,False,False,True,0.00521,0.01587,0.0055,17.963,False,,3.0,3.0
61.984,False,False,False,True,0.00521,0.01587,0.0055,17.909,False,,3.0,3.0
62.016,False,False,False,True,0.00521,0.01575,0.00545,17.889,False,,3.0,3.0
62.048,False,False,False,True,0.00521,0.01544,0.00556,17.876,False,,3.0,3.0
62.08,False,False,False,True,0.00521,0.01531,0.00568,17.869,False,,3.0,3.0
62.112,False,False,False,True,0.00521,0.0155,0.00562,17.858,False,,3.0,3.0
62.144,False,False,False,True,0.00521,0.01575,0.00562,17.832,False,,3.0,3.0
62.176,False,False,False,True,0.00521,0.01575,0.00568,17.808,False,,3.0,3.0
62.208,False,False,False,True,0.00521,0.01569,0.00556,17.8,False,,3.0,3.0
62.24,False,False,False,True,0.00521,0.0155,0.00539,17.821,False,,3.0,3.0
62.272,False,False,False,True,0.00521,0.0155,0.0055,17.85,False,,3.0,3.0
62.304,False,False,False,True,0.00521,0.01544,0.0055,17.861,False,,3.0,3.0
62.336,False,False,False,True,0.00521,0.01538,0.00539,17.858,False,,3.0,3.0
62.368,False,False,False,True,0.00521,0.0155,0.00556,17.856,False,,3.0,3.0
62.4,False,False,False,True,0.00521,0.01544,0.0055,17.873,False,,3.0,3.0
62.432,False,False,False,True,0.00521,0.01513,0.00556,17.913,False,,3.0,3.0
62.464,False,False,False,True,0.00521,0.01525,0.0055,17.952,False,,3.0,3.0
62.496,False,False,False,True,0.00521,0.01525,0.00539,17.991,False,,3.0,3.0
62.528,False,False,False,True,0.00521,0.01488,0.00556,18.013,False,,3.0,3.0
62.56,False,False,False,True,0.00521,0.01494,0.00556,18.035,False,,3.0,3.0
62.592,False,False,False,True,0.00521,0.01482,0.00539,18.054,False,,3.0,3.0
62.624,False,False,False,True,0.00521,0.01513,0.00545,18.079,False,,3.0,3.0
62.656,False,False,False,True,0.00521,0.01519,0.00545,18.106,False,,3.0,3.0
62.688,False,False,False,True,0.00521,0.01513,0.00556,18.101,False,,3.0,3.0
62.72,False,False,False,True,0.00521,0.01531,0.00556,18.089,False,,3.0,3.0
62.752,False,False,False,True,0.00521,0.01519,0.00562,18.089,False,,3.0,3.0
62.784,False,False,False,True,0.00521,0.01525,0.00556,18.097,False,,3.0,3.0
62.816,False,False,False,True,0.00521,0.01531,0.00545,18.124,False,,3.0,3.0
62.848,False,False,False,True,0.00521,0.01531,0.00562,18.152,False,,3.0,3.0
62.88,False,False,False,True,0.00521,0.01525,0.00556,18.162,False,,3.0,3.0
62.912,False,False,False,True,0.00521,0.01494,0.00562,18.159,False,,3.0,3.0
62.944,False,False,False,True,0.00521,0.01476,0.00556,18.157,False,,3.0,3.0
62.976,False,False,False,True,0.00521,0.01482,0.00556,18.148,False,,3.0,3.0
63.008,False,False,False,True,0.00521,0.015,0.00556,18.135,False,,3.0,3.0
63.04,False,False,False,True,0.00521,0.01494,0.00568,18.11,False,,3.0,3.0
63.072,False,False,False,True,0.00521,0.01469,0.00568,18.07,False,,3.0,3.0
63.104,False,False,False,True,0.00521,0.01482,0.00568,18.021,False,,3.0,3.0
63.136,False,False,False,True,0.00521,0.01488,0.00568,17.972,False,,3.0,3.0
63.168,False,False,False,True,0.00521,0.01482,0.00562,17.938,False,,3.0,3.0
63.2,False,False,False,True,0.00521,0.01476,0.00568,17.913,False,,3.0,3.0
63.232,False,False,False,True,0.00521,0.01463,0.00562,17.909,False,,3.0,3.0
63.264,False,False,False,True,0.00521,0.01482,0.00556,17.926,False,,3.0,3.0
63.296,False,False,False,True,0.00521,0.01445,0.0055,17.96,False,,3.0,3.0
63.328,False,False,False,True,0.00521,0.01445,0.0055,17.964,False,,3.0,3.0
63.36,False,False,False,True,0.00521,0.01457,0.0055,17.955,False,,3.0,3.0
63.392,False,False,False,True,0.00521,0.01432,0.0055,17.948,False,,3.0,3.0
63.424,False,False,False,True,0.00521,0.01457,0.00562,17.953,False,,3.0,3.0
63.456,False,False,False,True,0.00521,0.01438,0.00556,17.946,False,,3.0,3.0
63.488,False,False,False,True,0.00521,0.01445,0.0055,17.943,False,,3.0,3.0
63.52,False,False,False,True,0.00521,0.01414,0.00545,17.938,False,,3.0,3.0
63.552,False,False,False,True,0.00521,0.01432,0.00545,17.923,False,,3.0,3.0
63.584,False,False,False,True,0.00521,0.01457,0.00562,17.949,False,,3.0,3.0
63.616,False,False,False,True,0.00521,0.01401,0.00562,18.002,False,,3.0,3.0
63.648,False,False,False,True,0.00521,0.01389,0.00556,18.042,False,,3.0,3.0
63.68,False,False,False,True,0.00521,0.01383,0.00545,18.072,False,,3.0,3.0
63.712,False,False,False,True,0.00521,0.01407,0.00545,18.086,False,,3.0,3.0
63.744,False,False,False,True,0.00521,0.01407,0.0055,18.094,False,,3.0,3.0
63.776,False,False,False,True,0.00521,0.0142,0.0055,18.105,False,,3.0,3.0
63.808,False,False,False,True,0.00521,0.0142,0.0055,18.119,False,,3.0,3.0
63.84,False,False,False,True,0.00521,0.01414,0.00556,18.142,False,,3.0,3.0
63.872,False,False,False,True,0.00521,0.01432,0.00556,18.19,False,,3.0,3.0
63.904,False,False,False,True,0.00521,0.01395,0.00556,18.25,False,,3.0,3.0
63.936,False,False,False,True,0.00521,0.0137,0.00556,18.299,False,,3.0,3.0
63.968,False,False,False,True,0.00521,0.0137,0.00545,18.337,False,,3.0,3.0
64.0,False,False,False,True,0.00521,0.01339,0.00545,18.363,False,,3.0,3.0
64.032,False,False,False,True,0.00521,0.01395,0.00539,18.382,False,,3.0,3.0
64.064,False,False,False,True,0.00521,0.01383,0.0055,18.402,False,,3.0,3.0
64.096,False,False,False,True,0.00521,0.01383,0.00545,18.426,False,,3.0,3.0
64.128,False,False,False,True,0.00521,0.01383,0.0055,18.445,False,,3.0,3.0
64.16,False,False,False,True,0.00521,0.01197,0.0055,18.454,False,,3.0,3.0
64.192,False,False,False,True,0.00521,0.01209,0.00562,18.458,False,,3.0,3.0
64.224,False,False,False,True,0.00521,0.01234,0.00568,18.454,False,,3.0,3.0
64.256,False,False,False,True,0.00521,0.01228,0.00568,18.428,False,,3.0,3.0
64.288,False,False,False,True,0.00521,0.01234,0.00562,18.393,False,,3.0,3.0
64.32,False,False,False,True,0.00521,0.01246,0.0055,18.352,False,,3.0,3.0
64.352,False,False,False,True,0.00521,0.0124,0.00556,18.311,False,,3.0,3.0
64.384,False,False,False,True,0.00521,0.01221,0.00574,18.261,False,,3.0,3.0
64.416,False,False,False,True,0.00521,0.01228,0.00568,18.199,False,,3.0,3.0
64.448,False,False,False,True,0.00521,0.01203,0.00562,18.135,False,,3.0,3.0
64.48,False,False,False,True,0.00521,0.01209,0.00568,18.079,False,,3.0,3.0
64.512,False,False,False,True,0.00521,0.01221,0.00556,18.029,False,,3.0,3.0
64.544,False,False,False,True,0.00521,0.01228,0.00545,17.997,False,,3.0,3.0
64.576,False,False,False,True,0.00521,0.01221,0.0055,17.99,False,,3.0,3.0
64.608,False,False,False,True,0.00521,0.01209,0.00556,18.004,False,,3.0,3.0
64.64,False,False,False,True,0.00521,0.0119,0.00568,18.041,False,,3.0,3.0
64.672,False,False,False,True,0.00521,0.01197,0.00568,18.097,False,,3.0,3.0
64.704,False,False,False,True,0.00521,0.0119,0.00574,18.165,False,,3.0,3.0
64.736,False,False,False,True,0.00521,0.01203,0.0055,18.236,False,,3.0,3.0
64.768,False,False,False,True,0.00521,0.01184,0.00574,18.299,False,,3.0,3.0
64.8,False,False,False,True,0.00521,0.01184,0.00556,18.33,False,,3.0,3.0
64.832,False,False,False,True,0.00521,0.01178,0.0055,18.32,False,,3.0,3.0
64.864,False,False,False,True,0.00521,0.01172,0.00562,18.288,False,,3.0,3.0
64.896,False,False,False,True,0.00521,0.01178,0.00574,18.256,False,,3.0,3.0
64.928,False,False,False,True,0.00521,0.01184,0.00568,18.224,False,,3.0,3.0
64.96,False,False,False,True,0.00521,0.0119,0.00568,18.203,False,,3.0,3.0
64.992,False,False,False,True,0.00521,0.01153,0.00562,18.192,False,,3.0,3.0
65.024,False,False,False,True,0.00521,0.01166,0.00574,18.18,False,,3.0,3.0
65.056,False,False,False,True,0.00521,0.01172,0.00568,18.193,False,,3.0,3.0
65.088,False,False,False,True,0.00521,0.01184,0.00574,18.227,False,,3.0,3.0
65.12,False,False,False,True,0.00521,0.01178,0.00568,18.259,False,,3.0,3.0
65.152,False,False,False,True,0.00521,0.00769,0.00574,18.283,False,,3.0,3.0
65.184,False,False,False,True,0.00521,0.00781,0.00556,18.282,False,,3.0,3.0
65.216,False,False,False,True,0.00521,0.00775,0.00568,18.265,False,,3.0,3.0
65.248,False,False,False,True,0.00521,0.00781,0.00562,18.236,False,,3.0,3.0
65.28,False,False,False,True,0.00521,0.00787,0.00562,18.216,False,,3.0,3.0
65.312,False,False,False,True,0.00521,0.00769,0.00562,18.213,False,,3.0,3.0
65.344,False,False,False,True,0.00521,0.00775,0.0055,18.195,False,,3.0,3.0
65.376,False,False,False,True,0.00521,0.00775,0.00556,18.171,False,,3.0,3.0
65.408,False,False,False,True,0.00521,0.00775,0.0055,18.151,False,,3.0,3.0
65.44,False,False,False,True,0.00521,0.00769,0.00562,18.129,False,,3.0,3.0
65.472,False,False,False,True,0.00521,0.00763,0.00556,18.116,False,,3.0,3.0
65.504,False,False,False,True,0.00521,0.00756,0.00562,18.117,False,,3.0,3.0
65.536,False,False,False,True,0.00521,0.00763,0.00556,18.122,False,,3.0,3.0
65.568,False,False,False,True,0.00521,0.00775,0.0058,18.11,False,,3.0,3.0
65.6,False,False,False,True,0.00521,0.00775,0.00574,18.116,False,,3.0,3.0
65.632,False,False,False,True,0.00521,0.00775,0.00562,18.143,False,,3.0,3.0
65.664,False,False,False,True,0.00521,0.00775,0.0055,18.182,False,,3.0,3.0
65.696,False,False,False,True,0.00521,0.00763,0.00556,18.248,False,,3.0,3.0
65.728,False,False,False,True,0.00521,0.00769,0.00556,18.312,False,,3.0,3.0
65.76,False,False,False,True,0.00521,0.00775,0.0055,18.357,False,,3.0,3.0
65.792,False,False,False,True,0.00521,0.00763,0.00545,18.363,False,,3.0,3.0
65.824,False,False,False,True,0.00521,0.00756,0.00556,18.335,False,,3.0,3.0
65.856,False,False,False,True,0.00521,0.00775,0.00539,18.282,False,,3.0,3.0
65.888,False,False,False,True,0.00521,0.00775,0.0055,18.211,False,,3.0,3.0
65.92,False,False,False,True,0.00521,0.00763,0.00556,18.126,False,,3.0,3.0
65.952,False,False,False,True,0.00521,0.00763,0.00562,18.025,False,,3.0,3.0
65.984,False,False,False,True,0.00521,0.00781,0.00556,17.912,False,,3.0,3.0
66.016,False,False,False,True,0.00521,0.00775,0.0055,17.825,False,,3.0,3.0
66.048,False,False,False,True,0.00521,0.00769,0.00556,17.781,False,,3.0,3.0
66.08,False,False,False,True,0.00521,0.00775,0.0055,17.785,False,,3.0,3.0
66.112,False,False,False,True,0.00521,0.00781,0.00562,17.805,False,,3.0,3.0
66.144,False,False,False,True,0.00521,0.00781,0.0055,17.795,False,,3.0,3.0
66.176,False,False,False,True,0.00521,0.00775,0.0055,17.769,False,,3.0,3.0
66.208,False,False,False,True,0.00521,0.00763,0.00568,17.754,False,,3.0,3.0
66.24,False,False,False,True,0.00521,0.00781,0.00562,17.768,False,,3.0,3.0
66.272,False,False,False,True,0.00521,0.00769,0.00562,17.803,False,,3.0,3.0
66.304,False,False,False,True,0.00521,0.00775,0.00562,17.83,False,,3.0,3.0
66.336,False,False,False,True,0.00521,0.00763,0.00556,17.838,False,,3.0,3.0
66.368,False,False,False,True,0.00521,0.00756,0.00562,17.84,False,,3.0,3.0
66.4,False,False,False,True,0.00521,0.0075,0.0055,17.869,False,,3.0,3.0
66.432,False,False,False,True,0.00521,0.00763,0.00539,17.937,False,,3.0,3.0
66.464,False,False,False,True,0.00521,0.00756,0.0055,17.999,False,,3.0,3.0
66.496,False,False,False,True,0.00521,0.00763,0.00556,18.02,False,,3.0,3.0
66.528,False,False,False,True,0.00521,0.00781,0.0055,18.009,False,,3.0,3.0
66.56,False,False,False,True,0.00521,0.00775,0.00556,17.978,False,,3.0,3.0
66.592,False,False,False,True,0.00521,0.00769,0.0055,17.951,False,,3.0,3.0
66.624,False,False,False,True,0.00521,0.00775,0.00556,17.936,False,,3.0,3.0
66.656,False,False,False,True,0.00521,0.00756,0.00568,17.93,False,,3.0,3.0
66.688,False,False,False,True,0.00521,0.00769,0.00562,17.911,False,,3.0,3.0
66.72,False,False,False,True,0.00521,0.00756,0.00568,17.902,False,,3.0,3.0
66.752,False,False,False,True,0.00521,0.00763,0.0055,17.919,False,,3.0,3.0
66.784,False,False,False,True,0.00521,0.00763,0.0055,17.943,False,,3.0,3.0
66.816,False,False,False,True,0.00521,0.00775,0.00539,17.981,False,,3.0,3.0
66.848,False,False,False,True,0.00521,0.00769,0.00539,18.008,False,,3.0,3.0
66.88,False,False,False,True,0.00521,0.00763,0.00533,18.033,False,,3.0,3.0
66.912,False,False,False,True,0.00521,0.00756,0.00545,18.034,False,,3.0,3.0
66.944,False,False,False,True,0.00521,0.00744,0.00556,18.014,False,,3.0,3.0
66.976,False,False,False,True,0.00521,0.00756,0.00556,17.978,False,,3.0,3.0
67.008,False,False,False,True,0.00521,0.0075,0.00545,17.938,False,,3.0,3.0
67.04,False,False,False,True,0.00521,0.00769,0.00562,17.909,False,,3.0,3.0
67.072,False,False,False,True,0.00521,0.00756,0.00539,17.874,False,,3.0,3.0
67.104,False,False,False,True,0.00521,0.00744,0.00556,17.834,False,,3.0,3.0
67.136,False,False,False,True,0.00521,0.0075,0.0055,17.79,False,,3.0,3.0
67.168,False,False,False,True,0.00521,0.00756,0.00539,17.752,False,,3.0,3.0
67.2,False,False,False,True,0.00521,0.0075,0.0055,17.733,False,,3.0,3.0
67.232,False,False,False,True,0.00521,0.0075,0.0055,17.728,False,,3.0,3.0
67.264,False,False,False,True,0.00521,0.00769,0.00556,17.7,False,,3.0,3.0
67.296,False,False,False,True,0.00521,0.00756,0.00556,17.673,False,,3.0,3.0
67.328,False,False,False,True,0.00521,0.00732,0.0055,17.719,False,,3.0,3.0
67.36,False,False,False,True,0.00521,0.00744,0.00545,17.741,False,,3.0,3.0
67.392,False,False,False,True,0.00521,0.00763,0.00556,17.726,False,,3.0,3.0
67.424,False,False,False,True,0.00521,0.00763,0.00556,17.701,False,,3.0,3.0
67.456,False,False,False,True,0.00521,0.01215,0.00971,17.68,False,,3.0,3.0
67.488,False,False,False,True,0.00384,0.00521,0.00763,17.657,False,,3.0,3.0
67.52,False,False,False,True,0.0,0.00366,0.01669,17.632,False,,3.0,3.0
67.552,False,True,False,True,0.0,0.0,0.01634,17.636,False,,3.0,0.0
67.584,False,False,False,True,0.0,0.01296,0.00432,17.635,False,,3.0,3.0
67.616,False,False,False,True,0.0,0.01283,0.00337,17.593,False,,3.0,3.0
67.648,False,False,False,True,0.0,0.01259,0.00385,17.589,False,,3.0,3.0
67.68,False,False,False,True,0.0,0.01234,0.00391,17.57,False,,3.0,3.0
67.712,False,False,False,True,0.0,0.01228,0.00397,17.554,False,,3.0,3.0
67.744,False,False,False,True,0.0,0.01197,0.00426,17.538,False,,3.0,3.0
67.776,False,False,False,True,0.0,0.0,0.01527,17.526,False,,3.0,3.0
67.808,False,False,False,True,0.0,0.0,0.01527,17.527,False,,3.0,3.0
67.84,False,True,False,True,0.0,0.0,0.00527,17.546,False,,3.0,0.0
67.872,False,False,False,True,0.0,0.01283,0.0029,17.544,False,,3.0,3.0
67.904,False,False,False,True,0.0,0.01252,0.00302,17.559,False,,3.0,3.0
67.936,False,False,False,True,0.0,0.01221,0.00302,17.554,False,,3.0,3.0
67.968,False,False,False,True,0.0,0.01197,0.00308,17.551,False,,3.0,3.0
68.0,False,False,False,True,0.0,0.0,0.00391,17.555,False,,3.0,3.0
68.032,False,False,False,True,0.0,0.0,0.01385,17.557,False,,3.0,3.0
68.064,False,False,False,True,0.0,0.0,0.01338,17.541,False,,3.0,3.0
68.096,False,True,False,True,0.0,0.0,0.01308,17.52,False,,3.0,0.0
68.128,False,False,False,True,0.0,0.01221,0.00172,17.536,False,,3.0,3.0
68.16,False,False,False,True,0.0,0.00837,0.00497,17.52,False,,3.0,3.0
68.192,False,False,False,True,0.0,0.0,0.01243,17.51,False,,3.0,3.0
68.224,False,False,False,True,0.0,0.0,0.01225,17.511,False,,3.0,3.0
68.256,False,True,False,True,0.0,0.0,0.01172,17.53,False,,3.0,0.0
68.288,False,False,False,True,0.0,0.0005,0.00036,17.546,False,,3.0,3.0
68.32,False,False,False,True,0.0,0.0,0.0116,17.571,False,,3.0,3.0
68.352,False,False,False,True,0.0,0.0,0.0,17.595,False,,3.0,3.0
68.384,False,False,False,True,0.0,0.0,0.0,17.599,False,,3.0,3.0
68.416,True,False,False,True,0.0,0.0,0.0,17.583,False,,0.0,3.0
68.448,True,False,False,True,0.0,0.0,0.0,17.533,False,,0.0,3.0
68.48,True,False,False,True,0.0,0.0,0.0,17.491,False,,0.0,3.0
68.512,True,False,False,True,0.0,0.0,0.0,17.465,False,,0.0,3.0
68.544,True,False,False,True,0.0,0.0,0.0,17.439,False,,0.0,3.0
68.576,True,False,False,True,0.0,0.0,0.0,17.406,False,,0.0,3.0
68.608,True,False,False,True,0.0,0.0,0.0,17.381,False,,0.0,3.0
68.64,True,False,False,True,0.0,0.0,0.0,17.393,False,,0.0,3.0
68.672,True,False,False,True,0.0,0.0,0.0,17.421,False,,0.0,3.0
68.704,True,False,False,True,0.0,0.0,0.0,17.415,False,,0.0,3.0
68.736,True,False,False,True,0.0,0.0,0.0,17.364,False,,0.0,3.0
68.768,True,False,False,True,0.0,0.0,0.0,17.291,False,,0.0,3.0
68.8,True,False,False,True,0.0,0.0,0.0,17.201,False,,0.0,3.0
68.832,True,False,False,True,0.0,0.0,0.0,17.101,False,,0.0,3.0
68.864,True,False,False,True,0.0,0.0,0.0,17.021,False,,0.0,3.0
68.896,True,False,False,True,0.0,0.0,0.0,17.004,False,,0.0,3.0
68.928,True,False,False,True,0.0,0.0,0.0,17.03,False,,0.0,3.0
68.96,True,False,False,True,0.0,0.0,0.0,17.062,False,,0.0,3.0
68.992,True,False,False,True,0.0,0.0,0.0,17.141,False,,0.0,3.0
69.024,True,False,False,True,0.0,0.0,0.0,17.273,False,,0.0,3.0
69.056,True,False,False,True,0.0,0.0,0.0,17.439,False,,0.0,3.0
69.088,True,False,False,True,0.0,0.0,0.0,17.623,False,,0.0,3.0
69.12,True,False,False,True,0.0,0.0,0.0,17.792,False,,0.0,3.0
69.152,True,False,False,True,0.0,0.0,0.0,17.917,False,,0.0,3.0
69.184,True,False,False,True,0.0,0.0,0.0,18.117,False,,0.0,3.0
69.216,True,False,False,True,0.0,0.0,0.0,18.398,False,,0.0,3.0
69.248,True,False,False,True,0.0,0.0,0.0,18.703,False,,0.0,3.0
69.28,True,False,False,True,0.0,0.0,0.0,19.07,False,,0.0,3.0
69.312,True,False,False,True,0.0,0.0,0.0,19.506,False,,0.0,3.0
69.344,True,False,False,True,0.0,0.0,0.0,19.995,False,,0.0,3.0
69.376,True,False,False,True,0.0,0.0,0.0,20.576,False,,0.0,3.0
69.408,True,False,False,True,0.0,0.0,0.0,22.653,False,,0.0,3.0
69.44,True,False,False,True,0.0,0.0,0.0,27.087,False,,0.0,3.0
69.472,True,False,False,True,0.0,0.0,0.0,31.676,False,,0.0,3.0
69.504,True,False,False,True,0.0,0.0,0.0,35.564,False,,0.0,3.0
69.536,True,False,False,True,0.00149,0.0,0.0,39.804,False,,0.0,3.0
69.568,True,False,False,True,0.00335,0.0,0.0,44.078,False,,0.0,3.0
69.6,False,False,False,True,0.00521,0.0,0.0,48.547,False,,3.0,3.0
69.632,False,False,False,True,0.00521,0.0,0.0,50.831,False,,3.0,3.0
69.664,False,False,True,True,0.00521,0.0,0.0,53.152,False,,0.0,3.0
69.696,False,False,True,True,0.00707,0.0,0.0,57.609,False,,0.0,3.0
69.728,False,False,True,True,0.00874,0.0,0.0,62.347,False,,0.0,3.0
69.76,False,False,True,True,0.01457,0.00012,0.0,67.22,False,,0.0,3.0
69.792,False,False,True,True,0.01662,0.00174,0.0,69.497,False,,0.0,3.0
69.824,False,False,True,True,0.01674,0.00347,0.0,69.55,False,,0.0,3.0
69.856,False,False,True,True,0.01662,0.00496,0.0,69.605,False,,0.0,3.0
69.888,False,False,True,True,0.01631,0.00657,0.0,69.667,False,,0.0,3.0
69.92,False,False,True,True,0.01649,0.00812,0.0,69.731,False,,0.0,3.0
69.952,False,False,True,True,0.0155,0.01017,0.0,69.798,False,,0.0,3.0
69.984,False,False,True,True,0.01302,0.01277,0.00142,69.869,False,,0.0,3.0
70.016,False,False,True,True,0.01042,0.01538,0.00278,69.943,False,,0.0,3.0
70.048,False,False,True,True,0.01042,0.01538,0.00408,70.019,False,,0.0,3.0
70.08,False,False,False,True,0.01042,0.01544,0.00539,70.092,False,,3.0,3.0
70.112,False,False,False,True,0.01042,0.01538,0.00539,70.092,False,,3.0,3.0
70.144,False,False,False,True,0.01042,0.01538,0.00539,70.091,False,,3.0,3.0
70.176,False,False,False,True,0.01042,0.01531,0.00539,70.091,False,,3.0,3.0
70.208,False,False,False,True,0.01042,0.01531,0.00539,70.091,False,,3.0,3.0
70.24,False,False,False,True,0.01042,0.01531,0.00539,70.091,False,,3.0,3.0
70.272,False,False,False,True,0.01042,0.01525,0.00539,70.091,False,,3.0,3.0
70.304,False,False,False,True,0.01042,0.01525,0.00539,70.09,False,,3.0,3.0
70.336,False,False,False,True,0.01042,0.01531,0.00539,70.09,False,,3.0,3.0
70.368,False,False,False,True,0.01042,0.01525,0.00539,70.09,False,,3.0,3.0
70.4,False,False,False,True,0.01042,0.01525,0.00539,70.09,False,,3.0,3.0
70.432,False,False,False,True,0.01042,0.01525,0.00539,70.09,False,,3.0,3.0
70.464,False,False,False,True,0.01042,0.01525,0.00545,70.09,False,,3.0,3.0
70.496,False,False,False,True,0.01042,0.01525,0.00545,70.09,False,,3.0,3.0
70.528,False,False,False,True,0.01042,0.01531,0.00539,70.09,False,,3.0,3.0
70.56,False,False,False,True,0.01042,0.01531,0.00539,70.09,False,,3.0,3.0
70.592,False,False,False,True,0.01042,0.01531,0.00539,70.09,False,,3.0,3.0
70.624,False,False,False,True,0.01042,0.01538,0.00539,70.09,False,,3.0,3.0
70.656,False,False,False,True,0.01042,0.01538,0.00539,70.09,False,,3.0,3.0
70.688,False,False,False,True,0.01042,0.01538,0.00539,70.09,False,,3.0,3.0
70.72,False,False,False,True,0.01042,0.01538,0.00539,70.09,False,,3.0,3.0
70.752,False,False,False,True,0.01042,0.01538,0.00539,70.09,False,,3.0,3.0
70.784,False,False,False,True,0.01042,0.01538,0.00539,70.091,False,,3.0,3.0
70.816,False,False,False,True,0.01042,0.01538,0.00539,70.091,False,,3.0,3.0
70.848,False,False,False,True,0.01042,0.01538,0.00539,70.091,False,,3.0,3.0
70.88,False,False,False,True,0.01042,0.01538,0.00539,70.091,False,,3.0,3.0
70.912,False,False,False,True,0.01042,0.01538,0.00539,70.091,False,,3.0,3.0
70.944,False,False,False,True,0.01042,0.01538,0.00539,70.091,False,,3.0,3.0
70.976,False,False,False,True,0.01042,0.01538,0.00539,70.091,False,,3.0,3.0
71.008,False,False,False,True,0.01042,0.01538,0.00539,70.091,False,,3.0,3.0
71.04,False,False,False,True,0.01042,0.01538,0.00539,70.091,False,,3.0,3.0
71.072,False,False,False,True,0.01042,0.01538,0.00539,70.091,False,,3.0,3.0
71.104,False,False,False,True,0.01042,0.01538,0.00539,70.091,False,,3.0,3.0
71.136,False,False,False,True,0.01042,0.01538,0.00539,70.091,False,,3.0,3.0
71.168,False,False,False,True,0.01042,0.01538,0.00539,70.091,False,,3.0,3.0
71.2,False,False,False,True,0.01042,0.01538,0.00539,70.091,False,,3.0,3.0
71.232,False,False,False,True,0.01042,0.01544,0.00539,70.091,False,,3.0,3.0
71.264,False,False,False,True,0.01042,0.01544,0.00539,70.091,False,,3.0,3.0
71.296,False,False,False,True,0.01042,0.01544,0.00539,70.091,False,,3.0,3.0
71.328,False,False,False,True,0.01042,0.01544,0.00539,70.091,False,,3.0,3.0
71.36,False,False,False,True,0.01042,0.01544,0.00539,70.091,False,,3.0,3.0
71.392,False,False,False,True,0.01042,0.01544,0.00539,70.091,False,,3.0,3.0
71.424,False,False,False,True,0.01042,0.01544,0.00539,70.091,False,,3.0,3.0
71.456,False,False,False,True,0.01042,0.01544,0.00539,70.091,False,,3.0,3.0
71.488,False,False,False,True,0.01042,0.01544,0.00539,70.091,False,,3.0,3.0
71.52,False,False,False,True,0.01042,0.01544,0.00539,70.091,False,,3.0,3.0
71.552,False,False,False,True,0.01042,0.01544,0.00539,70.091,False,,3.0,3.0
71.584,False,False,False,True,0.01042,0.01544,0.00539,70.091,False,,3.0,3.0
71.616,False,False,False,True,0.01042,0.01544,0.00539,70.091,False,,3.0,3.0
71.648,False,False,False,True,0.01042,0.01544,0.00539,70.091,False,,3.0,3.0
71.68,False,False,False,True,0.01042,0.01544,0.00539,70.091,False,,3.0,3.0
71.712,False,False,False,True,0.01042,0.01544,0.00539,70.091,False,,3.0,3.0
71.744,False,False,False,True,0.01042,0.01544,0.00539,70.091,False,,3.0,3.0
71.776,False,False,False,True,0.01042,0.01544,0.00539,70.091,False,,3.0,3.0
71.808,False,False,False,True,0.01042,0.01544,0.00539,70.091,False,,3.0,3.0
71.84,False,False,False,True,0.01042,0.01544,0.00539,70.091,False,,3.0,3.0
71.872,False,False,False,True,0.01042,0.01544,0.00539,70.091,False,,3.0,3.0
71.904,False,False,False,True,0.01042,0.01544,0.00539,70.091,False,,3.0,3.0
71.936,False,False,False,True,0.01042,0.01544,0.00539,70.091,False,,3.0,3.0
71.968,False,False,False,True,0.01042,0.01544,0.00539,70.091,False,,3.0,3.0
72.0,False,False,False,True,0.01042,0.01544,0.00539,70.091,False,,3.0,3.0
72.032,False,False,False,True,0.01042,0.01556,0.00539,70.091,False,,3.0,3.0
72.064,False,False,False,True,0.01042,0.0155,0.00539,70.091,False,,3.0,3.0
72.096,False,False,False,True,0.01042,0.0155,0.00539,70.091,False,,3.0,3.0
72.128,False,False,False,True,0.01042,0.0155,0.00539,70.091,False,,3.0,3.0
72.16,False,False,False,True,0.01042,0.0155,0.00539,70.091,False,,3.0,3.0
72.192,False,False,False,True,0.01042,0.0155,0.00539,70.091,False,,3.0,3.0
72.224,False,False,False,True,0.01042,0.0155,0.00539,70.091,False,,3.0,3.0
72.256,False,False,False,True,0.01042,0.0155,0.00539,70.091,False,,3.0,3.0
72.288,False,False,False,True,0.01042,0.0155,0.00539,70.091,False,,3.0,3.0
72.32,False,False,False,True,0.01042,0.0155,0.00539,70.091,False,,3.0,3.0
72.352,False,False,False,True,0.01042,0.0155,0.00539,70.091,False,,3.0,3.0
72.384,False,False,False,True,0.01042,0.0155,0.00539,70.091,False,,3.0,3.0
72.416,False,False,False,True,0.01042,0.0155,0.00539,70.091,False,,3.0,3.0
72.448,False,False,False,True,0.01042,0.0155,0.00539,70.091,False,,3.0,3.0
72.48,False,False,False,True,0.01042,0.0155,0.00539,70.091,False,,3.0,3.0
72.512,False,False,False,True,0.01042,0.0155,0.00539,70.091,False,,3.0,3.0
72.544,False,False,False,True,0.01042,0.0155,0.00539,70.091,False,,3.0,3.0
72.576,False,False,False,True,0.01042,0.0155,0.00539,70.091,False,,3.0,3.0
72.608,False,False,False,True,0.01042,0.0155,0.00539,70.091,False,,3.0,3.0
72.64,False,False,False,True,0.01042,0.0155,0.00539,70.091,False,,3.0,3.0
72.672,False,False,False,True,0.01042,0.0155,0.00539,70.091,False,,3.0,3.0
72.704,False,False,False,True,0.01042,0.0155,0.00539,70.091,False,,3.0,3.0
72.736,False,False,False,True,0.01042,0.0155,0.00539,70.091,False,,3.0,3.0
72.768,False,False,False,True,0.01042,0.01556,0.00539,70.091,False,,3.0,3.0
72.8,False,False,False,True,0.01042,0.0155,0.00539,70.091,False,,3.0,3.0
72.832,False,False,False,True,0.01042,0.0155,0.00539,70.091,False,,3.0,3.0
72.864,False,False,False,True,0.01042,0.0155,0.00539,70.091,False,,3.0,3.0
72.896,False,False,False,True,0.01042,0.0155,0.00539,70.091,False,,3.0,3.0
72.928,False,False,False,True,0.01042,0.0155,0.00539,70.091,False,,3.0,3.0
72.96,False,False,False,True,0.01042,0.0155,0.00539,70.091,False,,3.0,3.0
72.992,False,False,False,True,0.01042,0.0155,0.00539,70.091,False,,3.0,3.0
73.024,False,False,False,True,0.01042,0.0155,0.00539,70.091,False,,3.0,3.0
73.056,False,False,False,True,0.01042,0.0155,0.00539,70.091,False,,3.0,3.0
73.088,False,False,False,True,0.01042,0.0155,0.00539,70.091,False,,3.0,3.0
73.12,False,False,False,True,0.01042,0.0155,0.00539,70.091,False,,3.0,3.0
73.152,False,False,False,True,0.01042,0.0155,0.00539,70.091,False,,3.0,3.0
73.184,False,False,False,True,0.01042,0.0155,0.00539,70.091,False,,3.0,3.0
73.216,False,False,False,True,0.01042,0.0155,0.00539,70.091,False,,3.0,3.0
73.248,False,False,False,True,0.01042,0.0155,0.00539,70.091,False,,3.0,3.0
73.28,False,False,False,True,0.01042,0.0155,0.00539,70.091,False,,3.0,3.0
73.312,False,False,False,True,0.01042,0.0155,0.00539,70.091,False,,3.0,3.0
73.344,False,False,False,True,0.01042,0.0155,0.00539,70.091,False,,3.0,3.0
73.376,False,False,False,True,0.01042,0.0155,0.00539,70.091,False,,3.0,3.0
73.408,False,False,False,True,0.01042,0.0155,0.00539,70.091,False,,3.0,3.0
73.44,False,False,False,True,0.01042,0.0155,0.00539,70.091,False,,3.0,3.0
73.472,False,False,False,True,0.01042,0.01544,0.00539,70.091,False,,3.0,3.0
73.504,False,False,False,True,0.01042,0.01544,0.00539,70.091,False,,3.0,3.0
73.536,False,False,False,True,0.01042,0.01544,0.00539,70.091,False,,3.0,3.0
73.568,False,False,False,True,0.01042,0.01544,0.00539,70.091,False,,3.0,3.0
73.6,False,False,False,True,0.01042,0.01544,0.00539,70.091,False,,3.0,3.0
73.632,False,False,False,True,0.01042,0.01544,0.00539,70.091,False,,3.0,3.0
73.664,False,False,False,True,0.01042,0.01544,0.00539,70.091,False,,3.0,3.0
73.696,False,False,False,True,0.01042,0.01544,0.00539,70.091,False,,3.0,3.0
73.728,False,False,False,True,0.01042,0.01544,0.00539,70.091,False,,3.0,3.0
73.76,False,False,False,True,0.01042,0.01544,0.00539,70.091,False,,3.0,3.0
73.792,False,False,False,True,0.01042,0.01544,0.00539,70.091,False,,3.0,3.0
73.824,False,False,False,True,0.01042,0.01544,0.00539,70.091,False,,3.0,3.0
73.856,False,False,False,True,0.01042,0.01544,0.00539,70.091,False,,3.0,3.0
73.888,False,False,False,True,0.01042,0.01544,0.00539,70.091,False,,3.0,3.0
73.92,False,False,False,True,0.01042,0.01544,0.00539,70.091,False,,3.0,3.0
73.952,False,False,False,True,0.01042,0.01544,0.00539,70.091,False,,3.0,3.0
73.984,False,False,False,True,0.01042,0.01544,0.00539,70.091,False,,3.0,3.0
74.016,False,False,False,True,0.01042,0.01544,0.00539,70.091,False,,3.0,3.0
74.048,False,False,False,True,0.01042,0.01544,0.00539,70.091,False,,3.0,3.0
74.08,False,False,False,True,0.01042,0.01544,0.00539,70.091,False,,3.0,3.0
74.112,False,False,False,True,0.01042,0.01556,0.00539,70.091,False,,3.0,3.0
74.144,False,False,False,True,0.01042,0.01556,0.00539,70.091,False,,3.0,3.0
74.176,False,False,False,True,0.01042,0.01556,0.00539,70.091,False,,3.0,3.0
74.208,False,False,False,True,0.01042,0.01556,0.00539,70.091,False,,3.0,3.0
74.24,False,False,False,True,0.01042,0.01556,0.00539,70.091,False,,3.0,3.0
74.272,False,False,False,True,0.01042,0.01556,0.00539,70.091,False,,3.0,3.0
74.304,False,False,False,True,0.01042,0.01556,0.00539,70.091,False,,3.0,3.0
74.336,False,False,False,True,0.01042,0.01556,0.00539,70.091,False,,3.0,3.0
74.368,False,False,False,True,0.01042,0.01556,0.00539,70.091,False,,3.0,3.0
74.4,False,False,False,True,0.01042,0.01556,0.00539,70.091,False,,3.0,3.0
74.432,False,False,False,True,0.01042,0.01556,0.00539,70.091,False,,3.0,3.0
74.464,False,False,False,True,0.01042,0.01556,0.00539,70.091,False,,3.0,3.0
74.496,False,False,False,True,0.01042,0.01556,0.00539,70.091,False,,3.0,3.0
74.528,False,False,False,True,0.01042,0.01562,0.00539,70.091,False,,3.0,3.0
74.56,False,False,False,True,0.01042,0.01562,0.00539,70.091,False,,3.0,3.0
74.592,False,False,False,True,0.01042,0.01562,0.00539,70.091,False,,3.0,3.0
74.624,False,False,False,True,0.01042,0.01562,0.00539,70.091,False,,3.0,3.0
74.656,False,False,False,True,0.01042,0.01562,0.00539,70.091,False,,3.0,3.0
74.688,False,False,False,True,0.01042,0.01562,0.00539,70.091,False,,3.0,3.0
74.72,False,False,False,True,0.01042,0.01556,0.00539,70.091,False,,3.0,3.0
74.752,False,False,False,True,0.01042,0.01556,0.00539,70.091,False,,3.0,3.0
74.784,False,False,False,True,0.01042,0.01556,0.00539,70.091,False,,3.0,3.0
74.816,False,False,False,True,0.01042,0.01556,0.00539,70.091,False,,3.0,3.0
74.848,False,False,False,True,0.01042,0.01556,0.00539,70.091,False,,3.0,3.0
74.88,False,False,False,True,0.01042,0.01556,0.00539,70.091,False,,3.0,3.0
74.912,False,False,False,True,0.01042,0.01556,0.00539,70.091,False,,3.0,3.0
74.944,False,False,False,True,0.01042,0.01556,0.00539,70.091,False,,3.0,3.0
74.976,False,False,False,True,0.01042,0.01556,0.00539,70.091,False,,3.0,3.0
75.008,False,False,False,True,0.01042,0.01556,0.00539,70.091,False,,3.0,3.0
75.04,False,False,False,True,0.01042,0.01556,0.00539,70.091,False,,3.0,3.0
75.072,False,False,False,True,0.01042,0.01556,0.00539,70.091,False,,3.0,3.0
75.104,False,False,False,True,0.01042,0.01556,0.00539,70.091,False,,3.0,3.0
75.136,False,False,False,True,0.01042,0.01556,0.00539,70.091,False,,3.0,3.0
75.168,False,False,False,True,0.01042,0.01556,0.00539,70.091,False,,3.0,3.0
75.2,False,False,False,True,0.01042,0.01556,0.00539,70.091,False,,3.0,3.0
75.232,False,False,False,True,0.01042,0.01556,0.00539,70.091,False,,3.0,3.0
75.264,False,False,False,True,0.01042,0.01556,0.00539,70.091,False,,3.0,3.0
75.296,False,False,False,True,0.01042,0.0155,0.00539,70.091,False,,3.0,3.0
75.328,False,False,False,True,0.01042,0.0155,0.00539,70.091,False,,3.0,3.0
75.36,False,False,False,True,0.01042,0.0155,0.00539,70.091,False,,3.0,3.0
75.392,False,False,False,True,0.01042,0.0155,0.00539,70.091,False,,3.0,3.0
75.424,False,False,False,True,0.01042,0.0155,0.00539,70.091,False,,3.0,3.0
75.456,False,False,False,True,0.01042,0.0155,0.00539,70.091,False,,3.0,3.0
75.488,False,False,False,True,0.01042,0.0155,0.00539,70.091,False,,3.0,3.0
75.52,False,False,False,True,0.01042,0.0155,0.00539,70.091,False,,3.0,3.0
75.552,False,False,False,True,0.01042,0.0155,0.00539,70.091,False,,3.0,3.0
75.584,False,False,False,True,0.01042,0.0155,0.00539,70.091,False,,3.0,3.0
75.616,False,False,False,True,0.01042,0.0155,0.00539,70.091,False,,3.0,3.0
75.648,False,False,False,True,0.01042,0.0155,0.00539,70.091,False,,3.0,3.0
75.68,False,False,False,True,0.01042,0.0155,0.00539,70.091,False,,3.0,3.0
75.712,False,False,False,True,0.01042,0.0155,0.00539,70.091,False,,3.0,3.0
75.744,False,False,False,True,0.01042,0.0155,0.00539,70.091,False,,3.0,3.0
75.776,False,False,False,True,0.01042,0.0155,0.00539,70.091,False,,3.0,3.0
75.808,False,False,False,True,0.01042,0.01556,0.00539,70.091,False,,3.0,3.0
75.84,False,False,False,True,0.01042,0.01556,0.00539,70.091,False,,3.0,3.0
75.872,False,False,False,True,0.01042,0.01556,0.00539,70.091,False,,3.0,3.0
75.904,False,False,False,True,0.01042,0.01556,0.00539,70.091,False,,3.0,3.0
75.936,False,False,False,True,0.01042,0.01556,0.00539,70.091,False,,3.0,3.0
75.968,False,False,False,True,0.01042,0.01556,0.00539,70.091,False,,3.0,3.0
76.0,False,False,False,True,0.01042,0.01556,0.00539,70.091,False,,3.0,3.0
76.032,False,False,False,True,0.01042,0.01556,0.00539,70.091,False,,3.0,3.0
76.064,False,False,False,True,0.01042,0.01556,0.00539,70.091,False,,3.0,3.0
76.096,False,False,False,True,0.01042,0.01556,0.00539,70.091,False,,3.0,3.0
76.128,False,False,False,True,0.01042,0.01556,0.00539,70.091,False,,3.0,3.0
76.16,False,False,False,True,0.01042,0.01556,0.00539,70.091,False,,3.0,3.0
76.192,False,False,False,True,0.01042,0.01556,0.00539,70.091,False,,3.0,3.0
76.224,False,False,False,True,0.01042,0.01556,0.00539,70.091,False,,3.0,3.0
76.256,False,False,False,True,0.01042,0.01556,0.00539,70.091,False,,3.0,3.0
76.288,False,False,False,True,0.01042,0.01562,0.00539,70.091,False,,3.0,3.0
76.32,False,False,False,True,0.01042,0.01562,0.00539,70.091,False,,3.0,3.0
76.352,False,False,False,True,0.01042,0.01562,0.00539,70.091,False,,3.0,3.0
76.384,False,False,False,True,0.01042,0.01562,0.00539,70.091,False,,3.0,3.0
76.416,False,False,False,True,0.01042,0.01569,0.00539,70.091,False,,3.0,3.0
76.448,False,False,False,True,0.01042,0.01569,0.00539,70.091,False,,3.0,3.0
76.48,False,False,False,True,0.01042,0.01569,0.00539,70.091,False,,3.0,3.0
76.512,False,False,False,True,0.01042,0.01569,0.00539,70.091,False,,3.0,3.0
76.544,False,False,False,True,0.01042,0.01569,0.00539,70.091,False,,3.0,3.0
76.576,False,False,False,True,0.01042,0.01569,0.00539,70.091,False,,3.0,3.0
76.608,False,False,False,True,0.01042,0.01569,0.00539,70.091,False,,3.0,3.0
76.64,False,False,False,True,0.01042,0.01569,0.00539,70.091,False,,3.0,3.0
76.672,False,False,False,True,0.01042,0.01569,0.00539,70.091,False,,3.0,3.0
76.704,False,False,False,True,0.01042,0.01569,0.00539,70.091,False,,3.0,3.0
76.736,False,False,False,True,0.01042,0.01569,0.00539,70.091,False,,3.0,3.0
76.768,False,False,False,True,0.01042,0.01569,0.00539,70.091,False,,3.0,3.0
76.8,False,False,False,True,0.01042,0.01569,0.00539,70.091,False,,3.0,3.0
76.832,False,False,False,True,0.01042,0.01569,0.00539,70.091,False,,3.0,3.0
76.864,False,False,False,True,0.01042,0.01569,0.00539,70.091,False,,3.0,3.0
76.896,False,False,False,True,0.01042,0.01569,0.00539,70.091,False,,3.0,3.0
76.928,False,False,False,True,0.01042,0.01562,0.00539,70.09,False,,3.0,3.0
76.96,False,False,False,True,0.01042,0.01562,0.00539,70.089,False,,3.0,3.0
76.992,False,False,False,True,0.01042,0.01562,0.00539,70.089,False,,3.0,3.0
77.024,False,False,False,True,0.01042,0.01556,0.00539,70.09,False,,3.0,3.0
77.056,False,False,False,True,0.016,0.01736,0.00266,73.692,False,,3.0,3.0
77.088,False,False,False,True,0.01494,0.01922,0.0,64.196,False,,3.0,3.0
77.12,False,False,False,True,0.01594,0.02858,0.01415,83.623,False,,3.0,3.0
77.152,False,False,False,True,0.01668,0.01569,0.01562,108.209,False,,3.0,3.0
77.184,False,False,False,False,0.01327,0.02896,0.01101,218.429,False,,3.0,3.0
77.216,False,False,False,False,0.01271,0.02077,0.00473,218.526,False,,3.0,3.0
77.248,False,False,False,False,0.01581,0.02189,0.00521,218.0,False,,3.0,3.0
77.28,False,False,False,True,0.01575,0.01742,0.01006,68.838,False,,3.0,3.0
77.312,False,False,False,True,0.01687,0.01463,0.00539,81.688,False,,3.0,3.0
77.344,False,False,False,True,0.02313,0.01376,0.00041,61.032,False,,3.0,3.0
77.376,False,False,False,True,0.01203,0.01414,0.0,63.31,False,,3.0,3.0
77.408,False,False,True,True,0.01358,0.01209,0.0,59.812,False,,0.0,3.0
77.44,False,False,True,True,0.02028,0.00862,0.0,61.633,False,,0.0,3.0
77.472,False,False,True,True,0.02263,0.00769,0.0,71.285,False,,0.0,3.0
77.504,False,False,True,True,0.01302,0.0057,0.00077,73.505,False,,0.0,3.0
77.536,False,False,False,True,0.00657,0.00521,0.00675,71.041,False,,3.0,3.0
77.568,False,False,False,False,0.00229,0.00453,0.00911,200.564,False,,3.0,3.0
77.6,False,False,False,True,0.0111,0.01042,0.01042,70.488,False,,3.0,3.0
77.632,False,False,False,True,0.01079,0.0124,0.01042,71.891,False,,3.0,3.0
77.664,False,False,False,True,0.00521,0.0067,0.01042,73.986,False,,3.0,3.0
77.696,False,False,False,True,0.00521,0.01147,0.01042,72.621,False,,3.0,3.0
77.728,False,False,False,True,0.01308,0.01042,0.01042,71.199,False,,3.0,3.0
77.76,False,False,False,False,0.01221,0.01042,0.01136,212.871,False,,3.0,3.0
77.792,False,False,False,True,0.01246,0.01042,0.01042,102.813,False,,3.0,3.0
77.824,False,False,False,True,0.01246,0.01042,0.01042,70.83,False,,3.0,3.0
77.856,False,False,False,True,0.01265,0.01042,0.01042,72.572,False,,3.0,3.0
77.888,False,False,False,True,0.01277,0.01042,0.01042,71.405,False,,3.0,3.0
77.92,False,False,False,True,0.01283,0.01042,0.01042,70.757,False,,3.0,3.0
77.952,False,False,False,True,0.01283,0.01042,0.01344,70.522,False,,3.0,3.0
77.984,False,False,False,True,0.01283,0.01042,0.01397,70.484,False,,3.0,3.0
78.016,False,False,False,True,0.01271,0.01042,0.0142,70.441,False,,3.0,3.0
78.048,False,False,False,True,0.01042,0.01042,0.01503,70.393,False,,3.0,3.0
78.08,False,False,False,True,0.01042,0.01042,0.01551,70.339,False,,3.0,3.0
78.112,False,False,False,True,0.01042,0.01042,0.01586,70.281,False,,3.0,3.0
78.144,False,False,False,True,0.01042,0.01042,0.0158,70.286,False,,3.0,3.0
78.176,False,False,False,True,0.01042,0.01042,0.0161,70.291,False,,3.0,3.0
78.208,False,False,False,True,0.01042,0.01042,0.01598,70.295,False,,3.0,3.0
78.24,False,False,False,True,0.01042,0.01042,0.01604,70.298,False,,3.0,3.0
78.272,False,False,False,True,0.01042,0.01042,0.01598,70.301,False,,3.0,3.0
78.304,False,False,False,True,0.01042,0.01042,0.01592,70.303,False,,3.0,3.0
78.336,False,False,False,True,0.01042,0.01042,0.01592,70.305,False,,3.0,3.0
78.368,False,False,False,True,0.01042,0.01042,0.01604,70.306,False,,3.0,3.0
78.4,False,False,False,True,0.01042,0.01042,0.0161,70.307,False,,3.0,3.0
78.432,False,False,False,True,0.01042,0.01042,0.01604,70.308,False,,3.0,3.0
78.464,False,False,False,True,0.01042,0.01042,0.01586,70.308,False,,3.0,3.0
78.496,False,False,False,True,0.01042,0.01042,0.0158,70.308,False,,3.0,3.0
78.528,False,False,False,True,0.01042,0.01042,0.01598,70.309,False,,3.0,3.0
78.56,False,False,False,True,0.01042,0.01042,0.01598,70.309,False,,3.0,3.0
78.592,False,False,False,True,0.01042,0.01042,0.01592,70.309,False,,3.0,3.0
78.624,False,False,False,True,0.01042,0.01042,0.0161,70.309,False,,3.0,3.0
78.656,False,False,False,True,0.01042,0.01042,0.01616,70.309,False,,3.0,3.0
78.688,False,False,False,True,0.01042,0.01042,0.01586,70.31,False,,3.0,3.0
78.72,False,False,False,True,0.01042,0.01042,0.01598,70.31,False,,3.0,3.0
78.752,False,False,False,True,0.01042,0.01042,0.01592,70.31,False,,3.0,3.0
78.784,False,False,False,True,0.01042,0.01042,0.01598,70.31,False,,3.0,3.0
78.816,False,False,False,True,0.01042,0.01042,0.01592,70.31,False,,3.0,3.0
78.848,False,False,False,True,0.01042,0.01042,0.01592,70.31,False,,3.0,3.0
78.88,False,False,False,True,0.01042,0.01042,0.01592,70.31,False,,3.0,3.0
78.912,False,False,False,True,0.01042,0.01042,0.01598,70.31,False,,3.0,3.0
78.944,False,False,False,True,0.01042,0.01042,0.01604,70.31,False,,3.0,3.0
78.976,False,False,False,True,0.01042,0.01042,0.01598,70.31,False,,3.0,3.0
79.008,False,False,False,True,0.01042,0.01042,0.01586,70.309,False,,3.0,3.0
79.04,False,False,False,True,0.01042,0.01042,0.01592,70.309,False,,3.0,3.0
79.072,False,False,False,True,0.01042,0.01042,0.01604,70.309,False,,3.0,3.0
79.104,False,False,False,True,0.01042,0.01042,0.01592,70.309,False,,3.0,3.0
79.136,False,False,False,True,0.01042,0.01042,0.01586,70.309,False,,3.0,3.0
79.168,False,False,False,True,0.01042,0.01042,0.01574,70.308,False,,3.0,3.0
79.2,False,False,False,True,0.01042,0.01042,0.01586,70.308,False,,3.0,3.0
79.232,False,False,False,True,0.01042,0.01042,0.01592,70.308,False,,3.0,3.0
79.264,False,False,False,True,0.01042,0.01042,0.0158,70.308,False,,3.0,3.0
79.296,False,False,False,True,0.01042,0.01042,0.0158,70.308,False,,3.0,3.0
79.328,False,False,False,True,0.01042,0.01042,0.0158,70.308,False,,3.0,3.0
79.36,False,False,False,True,0.01042,0.01042,0.0158,70.308,False,,3.0,3.0
79.392,False,False,False,True,0.01042,0.01042,0.01604,70.308,False,,3.0,3.0
79.424,False,False,False,True,0.01042,0.01042,0.01604,70.308,False,,3.0,3.0
79.456,False,False,False,True,0.01042,0.01042,0.01586,70.308,False,,3.0,3.0
79.488,False,False,False,True,0.01042,0.01042,0.0158,70.309,False,,3.0,3.0
79.52,False,False,False,True,0.01042,0.01042,0.01574,70.309,False,,3.0,3.0
79.552,False,False,False,True,0.01042,0.01042,0.01574,70.309,False,,3.0,3.0
79.584,False,False,False,True,0.01042,0.01042,0.01586,70.309,False,,3.0,3.0
79.616,False,False,False,True,0.01042,0.01042,0.01604,70.309,False,,3.0,3.0
79.648,False,False,False,True,0.01042,0.01042,0.01598,70.31,False,,3.0,3.0
79.68,False,False,False,True,0.01042,0.01042,0.01586,70.31,False,,3.0,3.0
79.712,False,False,False,True,0.01042,0.01042,0.01592,70.31,False,,3.0,3.0
79.744,False,False,False,True,0.01042,0.01042,0.01592,70.31,False,,3.0,3.0
79.776,False,False,False,True,0.01042,0.01042,0.01592,70.31,False,,3.0,3.0
79.808,False,False,False,True,0.01042,0.01042,0.01598,70.31,False,,3.0,3.0
79.84,False,False,False,True,0.01042,0.01042,0.01598,70.309,False,,3.0,3.0
79.872,False,False,False,True,0.01042,0.01042,0.01592,70.309,False,,3.0,3.0
79.904,False,False,False,True,0.01042,0.01042,0.01598,70.309,False,,3.0,3.0
79.936,False,False,False,True,0.01042,0.01042,0.01586,70.309,False,,3.0,3.0
79.968,False,False,False,True,0.01042,0.01042,0.01586,70.309,False,,3.0,3.0
80.0,False,False,False,True,0.01042,0.01042,0.01598,70.308,False,,3.0,3.0
80.032,False,False,False,True,0.01042,0.01042,0.01598,70.308,False,,3.0,3.0
80.064,False,False,False,True,0.01042,0.01042,0.01604,70.308,False,,3.0,3.0
80.096,False,False,False,True,0.01042,0.01042,0.01604,70.308,False,,3.0,3.0
80.128,False,False,False,True,0.01042,0.01042,0.01598,70.308,False,,3.0,3.0
80.16,False,False,False,True,0.01042,0.01042,0.01598,70.308,False,,3.0,3.0
80.192,False,False,False,True,0.01042,0.01042,0.01604,70.308,False,,3.0,3.0
80.224,False,False,False,True,0.01042,0.01042,0.01006,70.308,False,,3.0,3.0
80.256,False,False,False,True,0.01042,0.01042,0.01006,70.308,False,,3.0,3.0
80.288,False,False,False,True,0.01042,0.01042,0.01006,70.308,False,,3.0,3.0
80.32,False,False,False,True,0.01042,0.01042,0.01586,70.308,False,,3.0,3.0
80.352,False,False,False,True,0.01042,0.01042,0.01012,70.309,False,,3.0,3.0
80.384,False,False,False,True,0.01042,0.01042,0.01012,70.309,False,,3.0,3.0
80.416,False,False,False,True,0.01042,0.01042,0.01018,70.309,False,,3.0,3.0
80.448,False,False,False,True,0.01042,0.01042,0.01018,70.309,False,,3.0,3.0
80.48,False,False,False,True,0.01042,0.01042,0.01018,70.31,False,,3.0,3.0
80.512,False,False,False,True,0.01042,0.01042,0.01024,70.31,False,,3.0,3.0
80.544,False,False,False,True,0.01042,0.01042,0.01024,70.31,False,,3.0,3.0
80.576,False,False,False,True,0.01042,0.01042,0.01024,70.31,False,,3.0,3.0
80.608,False,False,False,True,0.01042,0.01042,0.01024,70.31,False,,3.0,3.0
80.64,False,False,False,True,0.01042,0.01042,0.01024,70.309,False,,3.0,3.0
80.672,False,False,False,True,0.01042,0.01042,0.01592,70.309,False,,3.0,3.0
80.704,False,False,False,True,0.01042,0.01042,0.01036,70.309,False,,3.0,3.0
80.736,False,False,False,True,0.01042,0.01042,0.01036,70.309,False,,3.0,3.0
80.768,False,False,False,True,0.01042,0.01042,0.01036,70.309,False,,3.0,3.0
80.8,False,False,False,True,0.01042,0.01042,0.0103,70.308,False,,3.0,3.0
80.832,False,False,False,True,0.01042,0.01042,0.01036,70.308,False,,3.0,3.0
80.864,False,False,False,True,0.01042,0.01042,0.01042,70.308,False,,3.0,3.0
80.896,False,False,False,True,0.01042,0.01042,0.01042,70.308,False,,3.0,3.0
80.928,False,False,False,True,0.01042,0.01042,0.01042,70.308,False,,3.0,3.0
80.96,False,False,False,True,0.01042,0.01042,0.01042,70.308,False,,3.0,3.0
80.992,False,False,False,True,0.01042,0.01042,0.01042,70.308,False,,3.0,3.0
81.024,False,False,False,True,0.01042,0.01042,0.0158,70.308,False,,3.0,3.0
81.056,False,False,False,True,0.01042,0.01042,0.01059,70.308,False,,3.0,3.0
81.088,False,False,False,True,0.01042,0.01042,0.01059,70.308,False,,3.0,3.0
81.12,False,False,False,True,0.01042,0.01042,0.01059,70.309,False,,3.0,3.0
81.152,False,False,False,True,0.01042,0.01042,0.01059,70.309,False,,3.0,3.0
81.184,False,False,False,True,0.01042,0.01042,0.01059,70.309,False,,3.0,3.0
81.216,False,False,False,True,0.01042,0.01042,0.01065,70.309,False,,3.0,3.0
81.248,False,False,False,True,0.01042,0.01042,0.01065,70.309,False,,3.0,3.0
81.28,False,False,False,True,0.01042,0.01042,0.01065,70.31,False,,3.0,3.0
81.312,False,False,False,True,0.01042,0.01042,0.01065,70.31,False,,3.0,3.0
81.344,False,False,False,True,0.01042,0.01042,0.01065,70.31,False,,3.0,3.0
81.376,False,False,False,True,0.01042,0.01042,0.01077,70.31,False,,3.0,3.0
81.408,False,False,False,True,0.01042,0.01042,0.01077,70.31,False,,3.0,3.0
81.44,False,False,False,True,0.01042,0.01042,0.01077,70.31,False,,3.0,3.0
81.472,False,False,False,True,0.01042,0.01042,0.01077,70.309,False,,3.0,3.0
81.504,False,False,False,True,0.01042,0.01042,0.01077,70.309,False,,3.0,3.0
81.536,False,False,False,True,0.01042,0.01042,0.01083,70.309,False,,3.0,3.0
81.568,False,False,False,True,0.01042,0.01042,0.01083,70.309,False,,3.0,3.0
81.6,False,False,False,True,0.01042,0.01042,0.01089,70.308,False,,3.0,3.0
81.632,False,False,False,True,0.01042,0.01042,0.01089,70.308,False,,3.0,3.0
81.664,False,False,False,True,0.01042,0.01042,0.01089,70.308,False,,3.0,3.0
81.696,False,False,False,True,0.01042,0.01042,0.01089,70.308,False,,3.0,3.0
81.728,False,False,False,True,0.01042,0.01042,0.01089,70.308,False,,3.0,3.0
81.76,False,False,False,True,0.01042,0.01042,0.01101,70.308,False,,3.0,3.0
81.792,False,False,False,True,0.01042,0.01042,0.01101,70.308,False,,3.0,3.0
81.824,False,False,False,True,0.01042,0.01042,0.01107,70.308,False,,3.0,3.0
81.856,False,False,False,True,0.01042,0.01042,0.01107,70.308,False,,3.0,3.0
81.888,False,False,False,True,0.01042,0.01042,0.01107,70.308,False,,3.0,3.0
81.92,False,False,False,True,0.01042,0.01042,0.01107,70.308,False,,3.0,3.0
81.952,False,False,False,True,0.01042,0.01042,0.01113,70.308,False,,3.0,3.0
81.984,False,False,False,True,0.01042,0.01042,0.01113,70.309,False,,3.0,3.0
82.016,False,False,False,True,0.01042,0.01042,0.01119,70.309,False,,3.0,3.0
82.048,False,False,False,True,0.01042,0.01042,0.01119,70.309,False,,3.0,3.0
82.08,False,False,False,True,0.01042,0.01042,0.01119,70.309,False,,3.0,3.0
82.112,False,False,False,True,0.01042,0.01042,0.01119,70.31,False,,3.0,3.0
82.144,False,False,False,True,0.01042,0.01042,0.01119,70.31,False,,3.0,3.0
82.176,False,False,False,True,0.01042,0.01042,0.0113,70.31,False,,3.0,3.0
82.208,False,False,False,True,0.01042,0.01042,0.0113,70.31,False,,3.0,3.0
82.24,False,False,False,True,0.01042,0.01042,0.0113,70.31,False,,3.0,3.0
82.272,False,False,False,True,0.01042,0.01042,0.0113,70.31,False,,3.0,3.0
82.304,False,False,False,True,0.01042,0.01042,0.0113,70.309,False,,3.0,3.0
82.336,False,False,False,True,0.01042,0.01042,0.01142,70.309,False,,3.0,3.0
82.368,False,False,False,True,0.01042,0.01042,0.01142,70.309,False,,3.0,3.0
82.4,False,False,False,True,0.01042,0.01042,0.01142,70.309,False,,3.0,3.0
82.432,False,False,False,True,0.01042,0.01042,0.01142,70.309,False,,3.0,3.0
82.464,False,False,False,True,0.01042,0.01042,0.01154,70.308,False,,3.0,3.0
82.496,False,False,False,True,0.01042,0.01042,0.01154,70.308,False,,3.0,3.0
82.528,False,False,False,True,0.01042,0.01042,0.0116,70.308,False,,3.0,3.0
82.56,False,False,False,True,0.01042,0.01042,0.0116,70.308,False,,3.0,3.0
82.592,False,False,False,True,0.01042,0.01042,0.0116,70.308,False,,3.0,3.0
82.624,False,False,False,True,0.01042,0.01042,0.01166,70.308,False,,3.0,3.0
82.656,False,False,False,True,0.01042,0.01042,0.01172,70.308,False,,3.0,3.0
82.688,False,False,False,True,0.01042,0.01042,0.01172,70.308,False,,3.0,3.0
82.72,False,False,False,True,0.01042,0.01042,0.01172,70.308,False,,3.0,3.0
82.752,False,False,False,True,0.01042,0.01042,0.01172,70.308,False,,3.0,3.0
82.784,False,False,False,True,0.01042,0.01042,0.01184,70.309,False,,3.0,3.0
82.816,False,False,False,True,0.01042,0.01042,0.01184,70.309,False,,3.0,3.0
82.848,False,False,False,True,0.01042,0.01042,0.01184,70.309,False,,3.0,3.0
82.88,False,False,False,True,0.01042,0.01042,0.01184,70.309,False,,3.0,3.0
82.912,False,False,False,True,0.01042,0.01042,0.01184,70.309,False,,3.0,3.0
82.944,False,False,False,True,0.01042,0.01042,0.01184,70.31,False,,3.0,3.0
82.976,False,False,False,True,0.01042,0.01042,0.01196,70.31,False,,3.0,3.0
83.008,False,False,False,True,0.01042,0.01042,0.01196,70.31,False,,3.0,3.0
83.04,False,False,False,True,0.01042,0.01042,0.01201,70.31,False,,3.0,3.0
83.072,False,False,False,True,0.01042,0.01042,0.01201,70.31,False,,3.0,3.0
83.104,False,False,False,True,0.01042,0.01042,0.01201,70.309,False,,3.0,3.0
83.136,False,False,False,True,0.01042,0.01042,0.01213,70.309,False,,3.0,3.0
83.168,False,False,False,True,0.01042,0.01042,0.01213,70.309,False,,3.0,3.0
83.2,False,False,False,True,0.01042,0.01042,0.01213,70.309,False,,3.0,3.0
83.232,False,False,False,True,0.01042,0.01042,0.01207,70.309,False,,3.0,3.0
83.264,False,False,False,True,0.01042,0.01042,0.01225,70.308,False,,3.0,3.0
83.296,False,False,False,True,0.01042,0.01042,0.01225,70.308,False,,3.0,3.0
83.328,False,False,False,True,0.01042,0.01042,0.01225,70.308,False,,3.0,3.0
83.36,False,False,False,True,0.01042,0.01042,0.01237,70.308,False,,3.0,3.0
83.392,False,False,False,True,0.01042,0.01042,0.01237,70.308,False,,3.0,3.0
83.424,False,False,False,True,0.01042,0.01042,0.01237,70.308,False,,3.0,3.0
83.456,False,False,False,True,0.01042,0.01042,0.01237,70.308,False,,3.0,3.0
83.488,False,False,False,True,0.01042,0.01042,0.01237,70.308,False,,3.0,3.0
83.52,False,False,False,True,0.01042,0.01042,0.01237,70.308,False,,3.0,3.0
83.552,False,False,False,True,0.01042,0.01042,0.01249,70.308,False,,3.0,3.0
83.584,False,False,False,True,0.01042,0.01042,0.01255,70.308,False,,3.0,3.0
83.616,False,False,False,True,0.01042,0.01042,0.01261,70.309,False,,3.0,3.0
83.648,False,False,False,True,0.01042,0.01042,0.01261,70.309,False,,3.0,3.0
83.68,False,False,False,True,0.01042,0.01042,0.01261,70.309,False,,3.0,3.0
83.712,False,False,False,True,0.01042,0.01042,0.01267,70.309,False,,3.0,3.0
83.744,False,False,False,True,0.01042,0.01042,0.01267,70.31,False,,3.0,3.0
83.776,False,False,False,True,0.01042,0.01042,0.01267,70.31,False,,3.0,3.0
83.808,False,False,False,True,0.01042,0.01042,0.01267,70.31,False,,3.0,3.0
83.84,False,False,False,True,0.01042,0.01042,0.01278,70.31,False,,3.0,3.0
83.872,False,False,False,True,0.01042,0.01042,0.01278,70.31,False,,3.0,3.0
83.904,False,False,False,True,0.01042,0.01042,0.01278,70.31,False,,3.0,3.0
83.936,False,False,False,True,0.01042,0.01042,0.01278,70.309,False,,3.0,3.0
83.968,False,False,False,True,0.01042,0.01042,0.0129,70.309,False,,3.0,3.0
84.0,False,False,False,True,0.01042,0.01042,0.0129,70.309,False,,3.0,3.0
84.032,False,False,False,True,0.01042,0.01042,0.0129,70.309,False,,3.0,3.0
84.064,False,False,False,True,0.01042,0.01042,0.01302,70.308,False,,3.0,3.0
84.096,False,False,False,True,0.01042,0.01042,0.01308,70.308,False,,3.0,3.0
84.128,False,False,False,True,0.01042,0.01042,0.01302,70.308,False,,3.0,3.0
84.16,False,False,False,True,0.01042,0.01042,0.01592,70.308,False,,3.0,3.0
84.192,False,False,False,True,0.01042,0.01042,0.0132,70.308,False,,3.0,3.0
84.224,False,False,False,True,0.01042,0.01042,0.0132,70.308,False,,3.0,3.0
84.256,False,False,False,True,0.01042,0.01042,0.0132,70.308,False,,3.0,3.0
84.288,False,False,False,True,0.01042,0.01042,0.0132,70.308,False,,3.0,3.0
84.32,False,False,False,True,0.01042,0.01042,0.01332,70.308,False,,3.0,3.0
84.352,False,False,False,True,0.01042,0.01042,0.01332,70.308,False,,3.0,3.0
84.384,False,False,False,True,0.01042,0.01042,0.01344,70.308,False,,3.0,3.0
84.416,False,False,False,True,0.01042,0.01042,0.01344,70.308,False,,3.0,3.0
84.448,False,False,False,True,0.01042,0.01042,0.01344,70.316,False,,3.0,3.0
84.48,False,False,False,True,0.01042,0.01042,0.01344,70.332,False,,3.0,3.0
84.512,False,False,False,True,0.01042,0.01042,0.01344,70.339,False,,3.0,3.0
84.544,False,False,False,True,0.01042,0.01042,0.01361,70.354,False,,3.0,3.0
84.576,False,False,False,True,0.01042,0.01042,0.01361,70.377,False,,3.0,3.0
84.608,False,False,False,True,0.01042,0.01042,0.01367,70.4,False,,3.0,3.0
84.64,False,False,False,True,0.01042,0.01042,0.01367,70.43,False,,3.0,3.0
84.672,False,False,False,True,0.01042,0.01042,0.01367,70.46,False,,3.0,3.0
84.704,False,False,False,True,0.01042,0.01042,0.01385,70.497,False,,3.0,3.0
84.736,False,False,False,True,0.01042,0.01042,0.01385,70.535,False,,3.0,3.0
84.768,False,False,False,True,0.01042,0.01042,0.01385,70.572,False,,3.0,3.0
84.8,False,False,False,True,0.01042,0.01042,0.01397,70.609,False,,3.0,3.0
84.832,False,False,False,True,0.01042,0.01042,0.01397,70.647,False,,3.0,3.0
84.864,False,False,False,True,0.01042,0.01042,0.01397,70.692,False,,3.0,3.0
84.896,False,False,False,True,0.01042,0.01042,0.01409,70.721,False,,3.0,3.0
84.928,False,False,False,True,0.01042,0.01042,0.01409,70.766,False,,3.0,3.0
84.96,False,False,False,True,0.01042,0.01042,0.0142,70.834,False,,3.0,3.0
84.992,False,False,False,True,0.01042,0.01042,0.01415,70.894,False,,3.0,3.0
85.024,False,False,False,True,0.01042,0.01042,0.0142,70.961,False,,3.0,3.0
85.056,False,False,False,True,0.01042,0.01042,0.0142,71.021,False,,3.0,3.0
85.088,False,False,False,True,0.01042,0.01042,0.01438,71.066,False,,3.0,3.0
85.12,False,False,False,True,0.01042,0.01042,0.01438,71.112,False,,3.0,3.0
85.152,False,False,False,True,0.01042,0.01042,0.01438,71.157,False,,3.0,3.0
85.184,False,False,False,True,0.01042,0.01042,0.01438,71.202,False,,3.0,3.0
85.216,False,False,False,True,0.01042,0.01042,0.01598,71.239,False,,3.0,3.0
85.248,False,False,False,True,0.01042,0.01042,0.01456,71.285,False,,3.0,3.0
85.28,False,False,False,True,0.01042,0.01042,0.01456,71.322,False,,3.0,3.0
85.312,False,False,False,True,0.01042,0.01042,0.01462,71.375,False,,3.0,3.0
85.344,False,False,False,True,0.01042,0.01042,0.01462,71.42,False,,3.0,3.0
85.376,False,False,False,True,0.01042,0.01042,0.01462,71.473,False,,3.0,3.0
85.408,False,False,False,True,0.01042,0.01042,0.0148,71.526,False,,3.0,3.0
85.44,False,False,False,True,0.01042,0.01042,0.0148,71.586,False,,3.0,3.0
85.472,False,False,False,True,0.01042,0.01042,0.0148,71.646,False,,3.0,3.0
85.504,False,False,False,True,0.01042,0.01042,0.01598,71.706,False,,3.0,3.0
85.536,False,False,False,True,0.01042,0.01042,0.01497,71.766,False,,3.0,3.0
85.568,False,False,False,True,0.01042,0.01042,0.01491,71.841,False,,3.0,3.0
85.6,False,False,False,True,0.01042,0.01042,0.01509,71.938,False,,3.0,3.0
85.632,False,False,False,True,0.01042,0.01042,0.01509,72.043,False,,3.0,3.0
85.664,False,False,False,True,0.01042,0.01042,0.01509,72.148,False,,3.0,3.0
85.696,False,False,False,True,0.01042,0.01042,0.01521,72.246,False,,3.0,3.0
85.728,False,False,False,True,0.01042,0.01042,0.01521,72.336,False,,3.0,3.0
85.76,False,False,False,True,0.01042,0.01042,0.01533,72.425,False,,3.0,3.0
85.792,False,False,False,True,0.01042,0.01042,0.01533,72.508,False,,3.0,3.0
85.824,False,False,False,True,0.01042,0.01042,0.0161,72.591,False,,3.0,3.0
85.856,False,False,False,True,0.01042,0.01042,0.01545,72.666,False,,3.0,3.0
85.888,False,False,False,True,0.01042,0.01042,0.01545,72.741,False,,3.0,3.0
85.92,False,False,False,True,0.01042,0.01042,0.01557,72.816,False,,3.0,3.0
85.952,False,False,False,True,0.01042,0.01042,0.01562,72.898,False,,3.0,3.0
85.984,False,False,False,True,0.01042,0.01042,0.01568,72.981,False,,3.0,3.0
86.016,False,False,False,True,0.01042,0.01042,0.01568,73.072,False,,3.0,3.0
86.048,False,False,False,True,0.01042,0.01042,0.0158,73.17,False,,3.0,3.0
86.08,False,False,False,True,0.01042,0.01042,0.0158,73.268,False,,3.0,3.0
86.112,False,False,False,True,0.01042,0.01042,0.01586,73.374,False,,3.0,3.0
86.144,False,False,False,True,0.01042,0.01042,0.01592,73.494,False,,3.0,3.0
86.176,False,False,False,True,0.01042,0.01042,0.01616,73.607,False,,3.0,3.0
86.208,False,False,False,True,0.01042,0.01042,0.01616,73.728,False,,3.0,3.0
86.24,False,False,False,True,0.01042,0.01042,0.01042,73.856,False,,3.0,3.0
86.272,False,False,False,True,0.01042,0.01042,0.01042,73.976,False,,3.0,3.0
86.304,False,False,False,True,0.01042,0.01042,0.01042,74.097,False,,3.0,3.0
86.336,False,False,False,True,0.01042,0.01042,0.01042,74.217,False,,3.0,3.0
86.368,False,False,False,True,0.01042,0.01042,0.01042,74.33,False,,3.0,3.0
86.4,False,False,False,True,0.01042,0.01042,0.01042,74.442,False,,3.0,3.0
86.432,False,False,False,True,0.01042,0.01042,0.01042,74.54,False,,3.0,3.0
86.464,False,False,False,True,0.01042,0.01042,0.01042,74.637,False,,3.0,3.0
86.496,False,False,False,True,0.01042,0.01042,0.01042,74.727,False,,3.0,3.0
86.528,False,False,False,True,0.01042,0.01042,0.01042,74.817,False,,3.0,3.0
86.56,False,False,False,True,0.01042,0.01042,0.01042,74.892,False,,3.0,3.0
86.592,False,False,False,True,0.01042,0.01042,0.01042,75.012,False,,3.0,3.0
86.624,False,False,False,True,0.01042,0.01042,0.01042,75.133,False,,3.0,3.0
86.656,False,False,False,True,0.01042,0.01042,0.01042,75.253,False,,3.0,3.0
86.688,False,False,False,True,0.01042,0.01042,0.01042,75.381,False,,3.0,3.0
86.72,False,False,False,True,0.01042,0.01042,0.01042,75.494,False,,3.0,3.0
86.752,False,False,False,True,0.01042,0.01042,0.01042,75.607,False,,3.0,3.0
86.784,False,False,False,True,0.01042,0.01042,0.01042,75.72,False,,3.0,3.0
86.816,False,False,False,True,0.01042,0.01042,0.01042,75.817,False,,3.0,3.0
86.848,False,False,False,True,0.01042,0.01042,0.01042,75.93,False,,3.0,3.0
86.88,False,False,False,True,0.01042,0.01042,0.01042,76.044,False,,3.0,3.0
86.912,False,False,False,True,0.01042,0.01042,0.01042,76.172,False,,3.0,3.0
86.944,False,False,False,True,0.01042,0.01042,0.01042,76.293,False,,3.0,3.0
86.976,False,False,False,True,0.01042,0.01042,0.01042,76.428,False,,3.0,3.0
87.008,False,False,False,True,0.01042,0.01042,0.01042,76.571,False,,3.0,3.0
87.04,False,False,False,True,0.01042,0.01042,0.01042,76.707,False,,3.0,3.0
87.072,False,False,False,True,0.01042,0.01042,0.01042,76.813,False,,3.0,3.0
87.104,False,False,False,True,0.01042,0.01042,0.01042,76.911,False,,3.0,3.0
87.136,False,False,False,True,0.01042,0.01042,0.01042,77.001,False,,3.0,3.0
87.168,False,False,False,True,0.01042,0.01042,0.01042,77.084,False,,3.0,3.0
87.2,False,False,False,True,0.01042,0.01042,0.01042,77.166,False,,3.0,3.0
87.232,False,False,False,True,0.01042,0.01042,0.01042,77.241,False,,3.0,3.0
87.264,False,False,False,True,0.01042,0.01042,0.01042,77.354,False,,3.0,3.0
87.296,False,False,False,True,0.01042,0.01042,0.01042,77.466,False,,3.0,3.0
87.328,False,False,False,True,0.01042,0.01042,0.00882,77.579,False,,3.0,3.0
87.36,False,False,False,True,0.01042,0.01042,0.00651,77.684,False,,3.0,3.0
87.392,False,False,False,True,0.01042,0.00942,0.00521,77.774,False,,3.0,3.0
87.424,False,False,False,True,0.01042,0.00713,0.00521,77.871,False,,3.0,3.0
87.456,False,False,False,True,0.01011,0.00521,0.00521,77.969,False,,3.0,3.0
87.488,False,False,False,True,0.00521,0.00521,0.00521,78.067,False,,3.0,3.0
87.52,False,False,False,True,0.00521,0.00521,0.00521,78.172,False,,3.0,3.0
87.552,False,False,False,True,0.00521,0.00521,0.00521,78.277,False,,3.0,3.0
87.584,False,False,False,True,0.00521,0.00521,0.00521,78.383,False,,3.0,3.0
87.616,False,False,False,True,0.00521,0.00521,0.00521,78.503,False,,3.0,3.0
87.648,False,False,False,True,0.00521,0.00521,0.00521,78.608,False,,3.0,3.0
87.68,False,False,False,True,0.00521,0.00521,0.00521,78.737,False,,3.0,3.0
87.712,False,False,False,True,0.00521,0.00521,0.00521,78.873,False,,3.0,3.0
87.744,False,False,False,True,0.00521,0.00521,0.00521,78.986,False,,3.0,3.0
87.776,False,False,False,True,0.00521,0.00521,0.00521,79.076,False,,3.0,3.0
87.808,False,False,False,True,0.00521,0.00521,0.00521,79.174,False,,3.0,3.0
87.84,False,False,False,True,0.00521,0.00521,0.00521,79.28,False,,3.0,3.0
87.872,False,False,False,True,0.00521,0.00521,0.00521,79.393,False,,3.0,3.0
87.904,False,False,False,True,0.00521,0.00521,0.00521,79.514,False,,3.0,3.0
87.936,False,False,False,True,0.00521,0.00521,0.00521,79.626,False,,3.0,3.0
87.968,False,False,False,True,0.00521,0.00521,0.00521,79.754,False,,3.0,3.0
88.0,False,False,False,True,0.00521,0.00521,0.00521,79.859,False,,3.0,3.0
88.032,False,False,False,True,0.00521,0.00521,0.00521,79.964,False,,3.0,3.0
88.064,False,False,False,True,0.00521,0.00521,0.00521,80.077,False,,3.0,3.0
88.096,False,False,False,True,0.00521,0.00521,0.00521,80.174,False,,3.0,3.0
88.128,False,False,False,True,0.00521,0.00521,0.00521,80.265,False,,3.0,3.0
88.16,False,False,False,True,0.00521,0.00521,0.00521,80.347,False,,3.0,3.0
88.192,False,False,False,True,0.00521,0.00521,0.00521,80.437,False,,3.0,3.0
88.224,False,False,False,True,0.00521,0.00521,0.00521,80.519,False,,3.0,3.0
88.256,False,False,False,True,0.00521,0.00521,0.00521,80.602,False,,3.0,3.0
88.288,False,False,False,True,0.00521,0.00521,0.00521,80.707,False,,3.0,3.0
88.32,False,False,False,True,0.00521,0.00521,0.00521,80.812,False,,3.0,3.0
88.352,False,False,False,True,0.00521,0.00521,0.00521,80.948,False,,3.0,3.0
88.384,False,False,False,True,0.00521,0.00521,0.00521,81.068,False,,3.0,3.0
88.416,False,False,False,True,0.00521,0.00521,0.00521,81.174,False,,3.0,3.0
88.448,False,False,False,True,0.00521,0.00521,0.00521,81.272,False,,3.0,3.0
88.48,False,False,False,True,0.00521,0.00521,0.00521,81.377,False,,3.0,3.0
88.512,False,False,False,True,0.00521,0.00521,0.00521,81.483,False,,3.0,3.0
88.544,False,False,False,True,0.00521,0.00521,0.00521,81.588,False,,3.0,3.0
88.576,False,False,False,True,0.00521,0.00521,0.00521,81.709,False,,3.0,3.0
88.608,False,False,False,True,0.00521,0.00521,0.00521,81.83,False,,3.0,3.0
88.64,False,False,False,True,0.00521,0.00521,0.00521,81.95,False,,3.0,3.0
88.672,False,False,False,True,0.00521,0.00521,0.00521,82.071,False,,3.0,3.0
88.704,False,False,False,True,0.00521,0.00521,0.00521,82.206,False,,3.0,3.0
88.736,False,False,False,True,0.00521,0.00521,0.00521,82.327,False,,3.0,3.0
88.768,False,False,False,True,0.00521,0.00521,0.00521,82.432,False,,3.0,3.0
88.8,False,False,False,True,0.00521,0.00521,0.00521,82.522,False,,3.0,3.0
88.832,False,False,False,True,0.00521,0.00521,0.00521,82.605,False,,3.0,3.0
88.864,False,False,False,True,0.00521,0.00521,0.00521,82.687,False,,3.0,3.0
88.896,False,False,False,True,0.00521,0.00521,0.00521,82.777,False,,3.0,3.0
88.928,False,False,False,True,0.00521,0.00521,0.00521,82.837,False,,3.0,3.0
88.96,False,False,False,True,0.00521,0.00521,0.00521,82.912,False,,3.0,3.0
88.992,False,False,False,True,0.00521,0.00521,0.00521,83.002,False,,3.0,3.0
89.024,False,False,False,True,0.00521,0.00521,0.00521,83.115,False,,3.0,3.0
89.056,False,False,False,True,0.00521,0.00521,0.00521,83.212,False,,3.0,3.0
89.088,False,False,False,True,0.00521,0.00521,0.00521,83.317,False,,3.0,3.0
89.12,False,False,False,True,0.00521,0.00521,0.00521,83.408,False,,3.0,3.0
89.152,False,False,False,True,0.00521,0.00521,0.00521,83.513,False,,3.0,3.0
89.184,False,False,False,True,0.00521,0.00521,0.00521,83.603,False,,3.0,3.0
89.216,False,False,False,True,0.00521,0.00521,0.00521,83.693,False,,3.0,3.0
89.248,False,False,False,True,0.00521,0.00521,0.00521,83.806,False,,3.0,3.0
89.28,False,False,False,True,0.00521,0.00521,0.00521,83.919,False,,3.0,3.0
89.312,False,False,False,True,0.00521,0.00521,0.00521,84.032,False,,3.0,3.0
89.344,False,False,False,True,0.00521,0.00521,0.00521,84.145,False,,3.0,3.0
89.376,False,False,False,True,0.00521,0.00521,0.00521,84.274,False,,3.0,3.0
89.408,False,False,False,True,0.00521,0.00521,0.00521,84.409,False,,3.0,3.0
89.44,False,False,False,True,0.00521,0.00521,0.00521,84.522,False,,3.0,3.0
89.472,False,False,False,True,0.00521,0.00521,0.00521,84.605,False,,3.0,3.0
89.504,False,False,False,True,0.00521,0.00521,0.00521,84.696,False,,3.0,3.0
89.536,False,False,False,True,0.00521,0.00521,0.00521,84.786,False,,3.0,3.0
89.568,False,False,False,True,0.00521,0.00521,0.00521,84.877,False,,3.0,3.0
89.6,False,False,False,True,0.00521,0.00521,0.00521,84.959,False,,3.0,3.0
89.632,False,False,False,True,0.00521,0.00521,0.00521,85.042,False,,3.0,3.0
89.664,False,False,False,True,0.00521,0.00521,0.00521,85.117,False,,3.0,3.0
89.696,False,False,False,True,0.00521,0.00521,0.00521,85.23,False,,3.0,3.0
89.728,False,False,False,True,0.00521,0.00521,0.00521,85.327,False,,3.0,3.0
89.76,False,False,False,True,0.00521,0.00521,0.00521,85.425,False,,3.0,3.0
89.792,False,False,False,True,0.00521,0.00521,0.00521,85.53,False,,3.0,3.0
89.824,False,False,False,True,0.00521,0.00521,0.00521,85.62,False,,3.0,3.0
89.856,False,False,False,True,0.00521,0.00521,0.00521,85.709,False,,3.0,3.0
89.888,False,False,False,True,0.00521,0.00521,0.00521,85.799,False,,3.0,3.0
89.92,False,False,False,True,0.00521,0.00521,0.00521,85.897,False,,3.0,3.0
89.952,False,False,False,True,0.00521,0.00521,0.00521,85.98,False,,3.0,3.0
89.984,False,False,False,True,0.00521,0.00521,0.00521,86.077,False,,3.0,3.0
90.016,False,False,False,True,0.00521,0.00521,0.00521,86.175,False,,3.0,3.0
90.048,False,False,False,True,0.00521,0.00521,0.00521,86.266,False,,3.0,3.0
90.08,False,False,False,True,0.00521,0.00521,0.00521,86.386,False,,3.0,3.0
90.112,False,False,False,True,0.00521,0.00521,0.00521,86.506,False,,3.0,3.0
90.144,False,False,False,True,0.00521,0.00521,0.00521,86.62,False,,3.0,3.0
90.176,False,False,False,True,0.00521,0.00521,0.00521,86.703,False,,3.0,3.0
90.208,False,False,False,True,0.00521,0.00521,0.00521,86.793,False,,3.0,3.0
90.24,False,False,False,True,0.00521,0.00521,0.00521,86.876,False,,3.0,3.0
90.272,False,False,False,True,0.00521,0.00521,0.00521,86.982,False,,3.0,3.0
90.304,False,False,False,True,0.00521,0.00521,0.00521,87.08,False,,3.0,3.0
90.336,False,False,False,True,0.00521,0.00521,0.00521,87.17,False,,3.0,3.0
90.368,False,False,False,True,0.00521,0.00521,0.00521,87.291,False,,3.0,3.0
90.4,False,False,False,True,0.00521,0.00521,0.00521,87.396,False,,3.0,3.0
90.432,False,False,False,True,0.00521,0.00521,0.00521,87.516,False,,3.0,3.0
90.464,False,False,False,True,0.00521,0.00521,0.00521,87.622,False,,3.0,3.0
90.496,False,False,False,True,0.00521,0.00521,0.00521,87.727,False,,3.0,3.0
90.528,False,False,False,True,0.00521,0.00521,0.00521,87.824,False,,3.0,3.0
90.56,False,False,False,True,0.00521,0.00521,0.00521,87.922,False,,3.0,3.0
90.592,False,False,False,True,0.00521,0.00521,0.00521,87.997,False,,3.0,3.0
90.624,False,False,False,True,0.00521,0.00521,0.00521,88.086,False,,3.0,3.0
90.656,False,False,False,True,0.00521,0.00521,0.00521,88.161,False,,3.0,3.0
90.688,False,False,False,True,0.00521,0.00521,0.00521,88.244,False,,3.0,3.0
90.72,False,False,False,True,0.00521,0.00521,0.00521,88.319,False,,3.0,3.0
90.752,False,False,False,True,0.00521,0.00521,0.00521,88.401,False,,3.0,3.0
90.784,False,False,False,True,0.00521,0.00521,0.00521,88.484,False,,3.0,3.0
90.816,False,False,False,True,0.00521,0.00521,0.00521,88.589,False,,3.0,3.0
90.848,False,False,False,True,0.00521,0.00521,0.00521,88.687,False,,3.0,3.0
90.88,False,False,False,True,0.00521,0.00521,0.00521,88.777,False,,3.0,3.0
90.912,False,False,False,True,0.00521,0.00521,0.00521,88.883,False,,3.0,3.0
90.944,False,False,False,True,0.00521,0.00521,0.00521,88.973,False,,3.0,3.0
90.976,False,False,False,True,0.00521,0.00521,0.00521,89.071,False,,3.0,3.0
91.008,False,False,False,True,0.00521,0.00521,0.00521,89.177,False,,3.0,3.0
91.04,False,False,False,True,0.00521,0.00521,0.00521,89.275,False,,3.0,3.0
91.072,False,False,False,True,0.00521,0.00521,0.00521,89.403,False,,3.0,3.0
91.104,False,False,False,True,0.00521,0.00521,0.00521,89.516,False,,3.0,3.0
91.136,False,False,False,True,0.00521,0.00521,0.00521,89.637,False,,3.0,3.0
91.168,False,False,False,True,0.00521,0.00521,0.00521,89.75,False,,3.0,3.0
91.2,False,False,False,True,0.00521,0.00521,0.00521,89.878,False,,3.0,3.0
91.232,False,False,False,True,0.00521,0.00521,0.00521,89.968,False,,3.0,3.0
91.264,False,False,False,True,0.00521,0.00521,0.00521,90.051,False,,3.0,3.0
91.296,False,False,False,True,0.00521,0.00521,0.00521,90.141,False,,3.0,3.0
91.328,False,False,False,True,0.00521,0.00521,0.00521,90.223,False,,3.0,3.0
91.36,False,False,False,True,0.00521,0.00521,0.00521,90.298,False,,3.0,3.0
91.392,False,False,False,True,0.00521,0.00521,0.00521,90.373,False,,3.0,3.0
91.424,False,False,False,True,0.00521,0.00521,0.00521,90.44,False,,3.0,3.0
91.456,False,False,False,True,0.00521,0.00521,0.00521,90.508,False,,3.0,3.0
91.488,False,False,False,True,0.00521,0.00521,0.00521,90.567,False,,3.0,3.0
91.52,False,False,False,True,0.00521,0.00521,0.00521,90.65,False,,3.0,3.0
91.552,False,False,False,True,0.00521,0.00521,0.00521,90.748,False,,3.0,3.0
91.584,False,False,False,True,0.00521,0.00521,0.00521,90.845,False,,3.0,3.0
91.616,False,False,False,True,0.00521,0.00521,0.00521,90.943,False,,3.0,3.0
91.648,False,False,False,True,0.00521,0.00521,0.00521,91.033,False,,3.0,3.0
91.68,False,False,False,True,0.00521,0.00521,0.00521,91.124,False,,3.0,3.0
91.712,False,False,False,True,0.00521,0.00521,0.00521,91.214,False,,3.0,3.0
91.744,False,False,False,True,0.00521,0.00521,0.00521,91.319,False,,3.0,3.0
91.776,False,False,False,True,0.00521,0.00521,0.00521,91.417,False,,3.0,3.0
91.808,False,False,False,True,0.00521,0.00521,0.00521,91.53,False,,3.0,3.0
91.84,False,False,False,True,0.00521,0.00521,0.00521,91.651,False,,3.0,3.0
91.872,False,False,False,True,0.00521,0.00521,0.00521,91.764,False,,3.0,3.0
91.904,False,False,False,True,0.00521,0.00521,0.00521,91.892,False,,3.0,3.0
91.936,False,False,False,True,0.00521,0.00521,0.00521,91.998,False,,3.0,3.0
91.968,False,False,False,True,0.00521,0.00521,0.00521,92.073,False,,3.0,3.0
92.0,False,False,False,True,0.00521,0.00521,0.00521,92.156,False,,3.0,3.0
92.032,False,False,False,True,0.00521,0.00521,0.00521,92.239,False,,3.0,3.0
92.064,False,False,False,True,0.00521,0.00521,0.00521,92.321,False,,3.0,3.0
92.096,False,False,False,True,0.00521,0.00521,0.00521,92.404,False,,3.0,3.0
92.128,False,False,False,True,0.00521,0.0044,0.0,92.479,False,,3.0,3.0
92.16,False,False,False,True,0.00155,0.0,0.0,92.546,False,,3.0,3.0
92.192,False,False,False,True,0.0,0.0,0.0,92.621,False,,3.0,3.0
92.224,True,False,False,True,0.0,0.0,0.0,92.674,False,,0.0,3.0
92.256,False,False,False,True,0.00521,0.00428,0.0,92.445,False,,3.0,3.0
92.288,False,False,False,True,0.0,0.0,0.0,92.921,False,,3.0,3.0
92.32,False,False,False,True,0.0,0.0,0.0,93.374,False,,3.0,3.0
92.352,True,False,False,True,0.0,0.0,0.0,93.88,False,,0.0,3.0
92.384,True,False,False,True,0.0,0.0,0.0,94.026,False,,0.0,3.0
92.416,True,False,False,True,0.0,0.0,0.0,94.449,False,,0.0,3.0
92.448,True,False,False,True,0.0,0.0,0.0,93.336,False,,0.0,3.0
92.48,True,False,False,True,0.0,0.0,0.0,91.367,False,,0.0,3.0
92.512,True,False,False,True,0.0,0.0,0.0,88.904,False,,0.0,3.0
92.544,True,False,False,True,0.0,0.0,0.0,85.8,False,,0.0,3.0
92.576,True,False,False,True,0.0,0.0,0.0,82.641,False,,0.0,3.0
92.608,True,False,False,True,0.0,0.0,0.0,79.594,False,,0.0,3.0
92.64,True,False,False,True,0.00112,0.0,0.0,76.367,False,,0.0,3.0
92.672,True,False,False,True,0.00205,0.0,0.0,73.197,False,,0.0,3.0
92.704,True,False,False,True,0.00298,0.0,0.0,69.961,False,,0.0,3.0
92.736,True,False,False,True,0.00384,0.0,0.0,66.574,False,,0.0,3.0
92.768,True,False,False,True,0.00453,0.0,0.0,63.169,False,,0.0,3.0
92.8,False,False,False,True,0.00515,0.0,0.0,59.711,False,,3.0,3.0
92.832,False,False,False,True,0.00254,0.0,0.0,60.527,False,,3.0,3.0
92.864,False,False,False,True,0.00285,0.0,0.0,59.176,False,,3.0,3.0
92.896,True,False,False,True,0.00322,0.0,0.0,57.573,False,,0.0,3.0
92.928,True,False,False,True,0.00397,0.0,0.0,53.834,False,,0.0,3.0
92.96,True,False,False,True,0.00465,0.0,0.0,50.035,False,,0.0,3.0
92.992,False,False,False,True,0.00521,0.0,0.0,46.027,False,,3.0,3.0
93.024,False,False,False,True,0.00316,0.0,0.0,46.758,False,,3.0,3.0
93.056,False,False,False,True,0.00341,0.0,0.0,45.104,False,,3.0,3.0
93.088,True,False,False,True,0.00366,0.0,0.0,43.469,False,,0.0,3.0
93.12,True,False,False,True,0.00434,0.0,0.0,39.223,False,,0.0,3.0
93.152,False,False,False,True,0.00508,0.0,0.0,34.736,False,,3.0,3.0
93.184,False,False,False,True,0.00329,0.0,0.0,35.043,False,,3.0,3.0
93.216,False,False,False,True,0.0036,0.0,0.0,33.461,False,,3.0,3.0
93.248,True,False,False,True,0.00378,0.0,0.0,31.886,False,,0.0,3.0
93.28,True,False,False,True,0.00465,0.0,0.0,27.146,False,,0.0,3.0
93.312,False,False,False,True,0.00552,0.0,0.0,24.985,False,,3.0,3.0
93.344,False,False,False,True,0.0044,0.0,0.0,25.069,False,,3.0,3.0
93.376,False,False,False,True,0.00471,0.0,0.0,24.677,False,,3.0,3.0
93.408,True,False,False,True,0.00459,0.0,0.0,24.479,False,,0.0,3.0
93.44,False,False,False,True,0.00564,0.0,0.0,24.38,False,,3.0,3.0
93.472,False,False,False,True,0.00409,0.0,0.0,24.366,False,,3.0,3.0
93.504,False,False,False,True,0.00422,0.0,0.0,24.373,False,,3.0,3.0
93.536,True,False,False,True,0.00428,0.0,0.0,24.381,False,,0.0,3.0
93.568,False,False,False,True,0.00558,0.0,0.0,24.308,False,,3.0,3.0
93.6,False,False,False,True,0.00428,0.0,0.0,24.296,False,,3.0,3.0
93.632,False,False,False,True,0.00453,0.0,0.0,24.302,False,,3.0,3.0
93.664,True,False,False,True,0.00471,0.0,0.0,24.308,False,,0.0,3.0
93.696,False,False,False,True,0.00595,0.0,0.0,24.25,False,,3.0,3.0
93.728,False,False,False,True,0.00446,0.0,0.0,24.241,False,,3.0,3.0
93.76,False,False,False,True,0.00459,0.0,0.0,24.246,False,,3.0,3.0
93.792,True,False,False,True,0.00465,0.0,0.0,24.251,False,,0.0,3.0
93.824,False,False,False,True,0.00589,0.0,0.0,24.209,False,,3.0,3.0
93.856,False,False,False,True,0.00428,0.0,0.0,24.2,False,,3.0,3.0
93.888,False,False,False,True,0.00434,0.0,0.0,24.204,False,,3.0,3.0
93.92,True,False,False,True,0.00453,0.0,0.0,24.209,False,,0.0,3.0
93.952,False,False,False,True,0.00577,0.0,0.0,24.169,False,,3.0,3.0
93.984,False,False,False,True,0.00446,0.0,0.0,24.161,False,,3.0,3.0
94.016,False,False,False,True,0.00459,0.0,0.0,24.165,False,,3.0,3.0
94.048,True,False,False,True,0.00477,0.0,0.0,24.169,False,,0.0,3.0
94.08,False,False,False,True,0.00608,0.0,0.0,24.13,False,,3.0,3.0
94.112,False,False,False,True,0.00477,0.0,0.0,24.12,False,,3.0,3.0
94.144,False,False,False,True,0.00502,0.0,0.0,24.125,False,,3.0,3.0
94.176,False,False,False,True,0.00521,0.0,0.0,24.13,False,,3.0,3.0
94.208,False,False,False,True,0.00477,0.0,0.0,24.13,False,,3.0,3.0
94.24,False,False,False,True,0.0044,0.0,0.0,24.13,False,,3.0,3.0
94.272,True,False,False,True,0.00378,0.0,0.0,24.13,False,,0.0,3.0
94.304,False,False,False,True,0.00539,0.0,0.0,24.09,False,,3.0,3.0
94.336,False,False,False,True,0.00409,0.0,0.0,24.081,False,,3.0,3.0
94.368,False,False,False,True,0.00471,0.0,0.0,24.085,False,,3.0,3.0
94.4,True,False,False,True,0.00434,0.0,0.0,24.086,False,,0.0,3.0
94.432,False,False,False,True,0.00639,0.0,0.0,24.055,False,,3.0,3.0
94.464,False,False,False,True,0.00645,0.0,0.0,24.055,False,,3.0,3.0
94.496,False,False,True,True,0.00651,0.0,0.0,24.055,False,,0.0,3.0
94.528,False,False,True,True,0.00825,0.0,0.0,24.032,False,,0.0,3.0
94.56,False,False,True,True,0.01252,0.0,0.0,24.017,False,,0.0,3.0
94.592,False,False,True,True,0.01302,0.0013,0.0,24.009,False,,0.0,3.0
94.624,False,False,True,True,0.01296,0.00298,0.0,24.008,False,,0.0,3.0
94.656,False,False,True,True,0.01296,0.00459,0.0,24.012,False,,0.0,3.0
94.688,False,False,True,True,0.0129,0.00614,0.0,24.018,False,,0.0,3.0
94.72,False,False,True,True,0.01463,0.0075,0.0,24.025,True,left,0.0,3.0
94.752,False,False,True,True,0.01693,0.00887,0.0,24.032,True,left,0.0,3.0
94.784,False,False,True,True,0.01773,0.01178,0.00071,24.041,True,left,0.0,3.0
94.816,False,False,True,True,0.01959,0.01203,0.00225,24.05,True,left,0.0,3.0
94.848,False,False,True,True,0.01798,0.01203,0.00361,24.06,True,left,0.0,3.0
94.88,False,False,False,True,0.01972,0.01203,0.00503,24.069,True,left,0.0,3.0
94.912,False,False,False,True,0.0178,0.01221,0.00627,24.078,True,left,0.0,3.0
94.944,False,False,False,True,0.01594,0.01401,0.00734,24.087,True,left,0.0,3.0
94.976,False,False,False,True,0.01556,0.01767,0.00817,24.098,True,left,0.0,3.0
95.008,False,False,False,True,0.01395,0.01674,0.00882,24.107,True,left,0.0,3.0
95.04,False,False,False,True,0.01221,0.01699,0.01018,24.116,True,left,0.0,3.0
95.072,False,False,False,True,0.01042,0.01922,0.01024,24.126,True,center,3.0,3.0
95.104,False,False,False,True,0.01042,0.01773,0.01048,24.133,True,center,3.0,3.0
95.136,False,False,False,True,0.01042,0.01891,0.01054,24.129,True,center,3.0,3.0
95.168,False,False,False,True,0.01042,0.01866,0.01012,24.124,True,center,3.0,3.0
95.2,False,False,False,True,0.01042,0.01891,0.01018,24.124,True,center,3.0,3.0
95.232,False,False,False,True,0.01042,0.01767,0.01018,24.124,True,center,3.0,3.0
95.264,False,False,False,True,0.01042,0.0178,0.01018,24.124,True,center,3.0,3.0
95.296,False,False,False,True,0.01042,0.0191,0.01024,24.124,True,center,3.0,3.0
95.328,False,False,False,True,0.01042,0.01972,0.01036,24.124,True,center,3.0,3.0
95.36,False,False,False,True,0.01042,0.01804,0.0103,24.124,True,center,3.0,3.0
95.392,False,False,False,True,0.01042,0.01829,0.0103,24.124,True,center,3.0,3.0
95.424,False,False,False,True,0.01042,0.01947,0.01036,24.124,True,center,3.0,3.0
95.456,False,False,False,True,0.01042,0.02077,0.01048,24.124,True,center,3.0,3.0
95.488,False,False,False,True,0.01042,0.02077,0.0103,24.124,True,center,3.0,3.0
95.52,False,False,False,True,0.01042,0.01978,0.01065,24.125,True,center,3.0,3.0
95.552,False,False,False,True,0.01042,0.0209,0.01054,24.125,True,center,3.0,3.0
95.584,False,False,False,True,0.01042,0.02114,0.01059,24.125,True,center,3.0,3.0
95.616,False,False,False,True,0.01042,0.01959,0.01077,24.125,True,center,3.0,3.0
95.648,False,False,False,True,0.01042,0.02102,0.01083,24.125,True,center,3.0,3.0
95.68,False,False,False,True,0.01042,0.02145,0.01077,24.125,True,center,3.0,3.0
95.712,False,False,False,True,0.01042,0.02158,0.01071,24.125,True,center,3.0,3.0
95.744,False,False,False,True,0.01042,0.02164,0.01077,24.125,True,center,3.0,3.0
95.776,False,False,False,True,0.01042,0.01817,0.01101,24.125,True,center,3.0,3.0
95.808,False,False,False,True,0.01042,0.01842,0.01101,24.125,True,center,3.0,3.0
95.84,False,False,False,True,0.01042,0.02251,0.01089,24.125,True,center,3.0,3.0
95.872,False,False,False,True,0.01042,0.0217,0.01101,24.125,True,center,3.0,3.0
95.904,False,False,False,True,0.01066,0.02127,0.01101,24.125,True,center,3.0,3.0
95.936,False,False,False,True,0.01079,0.02139,0.01095,24.126,True,center,3.0,3.0
95.968,False,False,False,True,0.01091,0.01966,0.01095,24.126,True,center,3.0,3.0
96.0,False,False,False,True,0.01104,0.02139,0.01101,24.126,True,center,3.0,3.0
96.032,False,False,False,True,0.01116,0.02102,0.01077,24.126,True,center,3.0,3.0
96.064,False,False,False,True,0.01128,0.02133,0.01065,24.126,True,center,3.0,3.0
96.096,False,False,False,True,0.01141,0.02114,0.01077,24.125,True,center,3.0,3.0
96.128,False,False,False,True,0.01159,0.02121,0.01059,24.125,True,center,3.0,3.0
96.16,False,False,False,True,0.01159,0.02121,0.01042,24.125,True,center,3.0,3.0
96.192,False,False,False,True,0.01166,0.02133,0.01059,24.125,True,center,3.0,3.0
96.224,False,False,False,True,0.01178,0.02096,0.01048,24.125,True,center,3.0,3.0
96.256,False,False,False,True,0.01184,0.01947,0.01018,24.125,True,center,3.0,3.0
96.288,False,False,False,True,0.0119,0.0178,0.01036,24.125,True,center,3.0,3.0
96.32,False,False,False,True,0.0119,0.02114,0.01024,24.125,True,center,3.0,3.0
96.352,False,False,False,True,0.01215,0.01761,0.01024,24.125,True,center,3.0,3.0
96.384,False,False,False,True,0.01203,0.01755,0.01012,24.125,True,center,3.0,3.0
96.416,False,False,False,True,0.01228,0.01742,0.01012,24.125,True,center,3.0,3.0
96.448,False,False,False,True,0.01228,0.01736,0.00994,24.125,True,center,3.0,3.0
96.48,False,False,False,True,0.01234,0.02139,0.01,24.125,True,center,3.0,3.0
96.512,False,False,False,True,0.01252,0.0209,0.01006,24.125,True,center,3.0,3.0
96.544,False,False,False,True,0.01252,0.0209,0.00982,24.125,True,center,3.0,3.0
96.576,False,False,False,True,0.01252,0.02096,0.00988,24.125,True,center,3.0,3.0
96.608,False,False,False,True,0.01271,0.02114,0.01,24.125,True,center,3.0,3.0
96.64,False,False,False,True,0.01265,0.02121,0.00988,24.125,True,center,3.0,3.0
96.672,False,False,False,True,0.01277,0.02102,0.00988,24.125,True,center,3.0,3.0
96.704,False,False,False,True,0.01271,0.02158,0.00977,24.125,True,center,3.0,3.0
96.736,False,False,False,True,0.01277,0.01749,0.00965,24.125,True,center,3.0,3.0
96.768,False,False,False,True,0.0129,0.0173,0.00965,24.126,True,center,3.0,3.0
96.8,False,False,False,True,0.0129,0.01755,0.00977,24.126,True,center,3.0,3.0
96.832,False,False,False,True,0.01302,0.0173,0.00965,24.126,True,center,3.0,3.0
96.864,False,False,False,True,0.01296,0.01749,0.00959,24.126,True,center,3.0,3.0
96.896,False,False,False,True,0.01296,0.01742,0.00959,24.126,True,center,3.0,3.0
96.928,False,False,False,True,0.01308,0.01749,0.00947,24.125,True,center,3.0,3.0
96.96,False,False,False,True,0.01302,0.01749,0.00953,24.125,True,center,3.0,3.0
96.992,False,False,False,True,0.01327,0.01749,0.00947,24.125,True,center,3.0,3.0
97.024,False,False,False,True,0.01327,0.01761,0.00941,24.125,True,center,3.0,3.0
97.056,False,False,False,True,0.01333,0.02145,0.00941,24.125,True,center,3.0,3.0
97.088,False,False,False,True,0.01333,0.02158,0.00929,24.125,True,center,3.0,3.0
97.12,False,False,False,True,0.01352,0.02121,0.00917,24.125,True,center,3.0,3.0
97.152,False,False,False,True,0.01352,0.02183,0.00923,24.125,True,center,3.0,3.0
97.184,False,False,False,True,0.01358,0.02152,0.00935,24.125,True,center,3.0,3.0
97.216,False,False,False,True,0.01358,0.02139,0.00906,24.125,True,center,3.0,3.0
97.248,False,False,False,True,0.01358,0.02152,0.00911,24.125,True,center,3.0,3.0
97.28,False,False,False,True,0.0137,0.02152,0.00906,24.125,True,center,3.0,3.0
97.312,False,False,False,True,0.01395,0.0217,0.00917,24.125,True,left,0.0,3.0
97.344,False,False,False,True,0.01116,0.02015,0.00941,24.129,True,center,3.0,3.0
97.376,False,False,False,True,0.01122,0.02437,0.00959,24.133,True,center,3.0,3.0
97.408,False,False,False,True,0.01128,0.01997,0.00977,24.137,True,center,3.0,3.0
97.44,False,False,False,True,0.01135,0.01984,0.01018,24.141,True,center,3.0,3.0
97.472,False,False,False,True,0.01159,0.01959,0.01006,24.141,True,center,3.0,3.0
97.504,False,False,False,True,0.01159,0.02003,0.00994,24.14,True,center,3.0,3.0
97.536,False,False,False,True,0.01184,0.01978,0.00988,24.139,True,center,3.0,3.0
97.568,False,False,False,True,0.01197,0.02387,0.00965,24.137,True,center,3.0,3.0
97.6,False,False,False,True,0.01197,0.02369,0.00965,24.136,True,center,3.0,3.0
97.632,False,False,False,True,0.01209,0.01972,0.00977,24.136,True,center,3.0,3.0
97.664,False,False,False,True,0.01215,0.01947,0.00982,24.136,True,center,3.0,3.0
97.696,False,False,False,True,0.01234,0.02443,0.00977,24.137,True,center,3.0,3.0
97.728,False,False,False,True,0.0124,0.02393,0.00971,24.137,True,center,3.0,3.0
97.76,False,False,False,True,0.01246,0.01953,0.00953,24.137,True,center,3.0,3.0
97.792,False,False,False,True,0.01265,0.02449,0.00988,24.137,True,center,3.0,3.0
97.824,False,False,False,True,0.01271,0.02362,0.00982,24.138,True,center,3.0,3.0
97.856,False,False,False,True,0.01277,0.02362,0.00982,24.138,True,center,3.0,3.0
97.888,False,False,False,True,0.01296,0.02369,0.00994,24.138,True,center,3.0,3.0
97.92,False,False,False,True,0.01296,0.01941,0.00982,24.138,True,center,3.0,3.0
97.952,False,False,False,True,0.01302,0.01947,0.00965,24.138,True,center,3.0,3.0
97.984,False,False,False,True,0.01314,0.01947,0.00994,24.138,True,center,3.0,3.0
98.016,False,False,False,True,0.01327,0.01953,0.00982,24.138,True,center,3.0,3.0
98.048,False,False,False,True,0.01321,0.01953,0.00971,24.138,True,center,3.0,3.0
98.08,False,False,False,True,0.01321,0.01984,0.00982,24.138,True,center,3.0,3.0
98.112,False,False,False,True,0.01333,0.01966,0.00971,24.137,True,center,3.0,3.0
98.144,False,False,False,True,0.01339,0.02418,0.00971,24.137,True,center,3.0,3.0
98.176,False,False,False,True,0.01339,0.02443,0.00982,24.137,True,center,3.0,3.0
98.208,False,False,False,True,0.01358,0.01966,0.00971,24.137,True,center,3.0,3.0
98.24,False,False,False,True,0.0137,0.01966,0.00988,24.137,True,center,3.0,3.0
98.272,False,False,False,True,0.0137,0.02375,0.00977,24.137,True,center,3.0,3.0
98.304,False,False,False,True,0.01376,0.01972,0.00971,24.137,True,center,3.0,3.0
98.336,False,False,False,True,0.01383,0.01984,0.00965,24.137,True,center,3.0,3.0
98.368,False,False,False,True,0.01401,0.01978,0.00959,24.137,True,center,3.0,3.0
98.4,False,False,False,True,0.01395,0.02009,0.00965,24.137,True,center,3.0,3.0
98.432,False,False,False,True,0.0142,0.02003,0.00965,24.137,True,center,3.0,3.0
98.464,False,False,False,True,0.01407,0.0199,0.00959,24.137,True,center,3.0,3.0
98.496,False,False,False,True,0.0142,0.02009,0.00953,24.137,True,center,3.0,3.0
98.528,False,False,False,True,0.01426,0.02003,0.00941,24.138,True,center,3.0,3.0
98.56,False,False,False,True,0.01451,0.01978,0.00965,24.138,True,center,3.0,3.0
98.592,False,False,False,True,0.01445,0.0199,0.00965,24.138,True,center,3.0,3.0
98.624,False,False,False,True,0.01469,0.02238,0.00953,24.138,True,center,3.0,3.0
98.656,False,False,False,True,0.01463,0.02201,0.00947,24.138,True,center,3.0,3.0
98.688,False,False,False,True,0.01476,0.02003,0.00941,24.138,True,center,3.0,3.0
98.72,False,False,False,True,0.01469,0.02021,0.00923,24.138,True,center,3.0,3.0
98.752,False,False,False,True,0.015,0.02034,0.00935,24.138,True,center,3.0,3.0
98.784,False,False,False,True,0.01488,0.0204,0.00935,24.138,True,center,3.0,3.0
98.816,False,False,False,True,0.015,0.02015,0.00923,24.138,True,center,3.0,3.0
98.848,False,False,False,True,0.01507,0.02028,0.00941,24.138,True,center,3.0,3.0
98.88,False,False,False,True,0.01525,0.02046,0.00929,24.138,True,center,3.0,3.0
98.912,False,False,False,True,0.01531,0.02052,0.00911,24.137,True,center,3.0,3.0
98.944,False,False,False,True,0.01538,0.02034,0.00923,24.137,True,center,3.0,3.0
98.976,False,False,False,True,0.0155,0.02065,0.00923,24.137,True,center,3.0,3.0
99.008,False,False,False,True,0.01556,0.0204,0.00917,24.137,True,center,3.0,3.0
99.04,False,False,False,True,0.01569,0.02065,0.00917,24.137,True,center,3.0,3.0
99.072,False,False,False,True,0.01575,0.02046,0.00906,24.137,True,center,3.0,3.0
99.104,False,False,False,True,0.01587,0.02077,0.00911,24.137,True,center,3.0,3.0
99.136,False,False,False,True,0.01594,0.02046,0.00917,24.137,True,center,3.0,3.0
99.168,False,False,False,True,0.016,0.02083,0.00906,24.137,True,center,3.0,3.0
99.2,False,False,False,True,0.01612,0.02059,0.00906,24.137,True,center,3.0,3.0
99.232,False,False,False,True,0.01625,0.02083,0.00911,24.137,True,center,3.0,3.0
99.264,False,False,False,True,0.01637,0.0209,0.00906,24.137,True,center,3.0,3.0
99.296,False,False,False,True,0.01643,0.02102,0.00906,24.137,True,center,3.0,3.0
99.328,False,False,False,True,0.01668,0.02065,0.009,24.138,True,center,3.0,3.0
99.36,False,False,False,True,0.01656,0.02102,0.00906,24.138,True,center,3.0,3.0
99.392,False,False,False,True,0.0168,0.02121,0.00906,24.138,True,center,3.0,3.0
99.424,False,False,False,True,0.01699,0.02127,0.009,24.138,True,center,3.0,3.0
99.456,False,False,False,True,0.01699,0.02114,0.00911,24.138,True,center,3.0,3.0
99.488,False,False,False,True,0.01705,0.02108,0.00906,24.138,True,center,3.0,3.0
99.52,False,False,False,True,0.01693,0.02139,0.009,24.138,True,center,3.0,3.0
99.552,False,False,False,True,0.01711,0.02127,0.009,24.138,True,center,3.0,3.0
99.584,False,False,False,True,0.01724,0.02133,0.009,24.138,True,center,3.0,3.0
99.616,False,False,False,True,0.01736,0.02164,0.00882,24.138,True,left,0.0,3.0
99.648,False,False,False,True,0.01612,0.0186,0.00521,24.144,True,center,3.0,3.0
99.68,False,False,False,True,0.01631,0.0217,0.00521,24.147,True,center,3.0,3.0
99.712,False,False,False,True,0.01637,0.02319,0.00734,24.151,True,center,3.0,3.0
99.744,False,False,False,True,0.01656,0.02276,0.00687,24.151,True,center,3.0,3.0
99.776,False,False,False,True,0.01662,0.02294,0.00633,24.151,True,center,3.0,3.0
99.808,False,False,False,True,0.0168,0.02307,0.0058,24.151,True,center,3.0,3.0
99.84,False,False,False,True,0.0168,0.02319,0.00521,24.151,True,center,3.0,3.0
99.872,False,False,False,True,0.01711,0.02245,0.00521,24.151,True,center,3.0,3.0
99.904,False,False,False,True,0.01705,0.02201,0.00521,24.151,True,center,3.0,3.0
99.936,False,False,False,True,0.01736,0.02133,0.00521,24.15,True,center,3.0,3.0
99.968,False,False,False,True,0.01749,0.02046,0.00521,24.15,True,center,3.0,3.0
100.0,False,False,False,True,0.01749,0.02015,0.00521,24.15,True,center,3.0,3.0
100.032,False,False,False,True,0.01767,0.0199,0.00521,24.15,True,center,3.0,3.0
100.064,False,False,False,True,0.0178,0.01935,0.00521,24.15,True,center,3.0,3.0
100.096,False,False,False,True,0.01811,0.0191,0.00521,24.15,True,center,3.0,3.0
100.128,False,False,False,True,0.01817,0.01891,0.00521,24.151,True,center,3.0,3.0
100.16,False,False,False,True,0.01786,0.01891,0.00521,24.151,True,center,3.0,3.0
100.192,False,False,False,True,0.01755,0.01928,0.00521,24.151,True,center,3.0,3.0
100.224,False,False,False,True,0.01736,0.01897,0.00521,24.151,True,center,3.0,3.0
100.256,False,False,False,True,0.01718,0.01904,0.00521,24.151,True,center,3.0,3.0
100.288,False,False,False,True,0.01687,0.01922,0.00521,24.151,True,center,3.0,3.0
100.32,False,False,False,True,0.01662,0.01928,0.00521,24.151,True,center,3.0,3.0
100.352,False,False,False,True,0.01637,0.01941,0.00521,24.152,True,center,3.0,3.0
100.384,False,False,False,True,0.01618,0.01904,0.0058,24.152,True,center,3.0,3.0
100.416,False,False,False,True,0.01562,0.01866,0.00621,24.152,True,center,3.0,3.0
100.448,False,False,False,True,0.01463,0.01823,0.00657,24.152,True,center,3.0,3.0
100.48,False,False,False,True,0.01469,0.01817,0.00687,24.151,True,center,3.0,3.0
100.512,False,False,False,True,0.01482,0.01817,0.0071,24.151,True,center,3.0,3.0
100.544,False,False,False,True,0.01513,0.01811,0.0074,24.151,True,center,3.0,3.0
100.576,False,False,False,True,0.01507,0.01798,0.00763,24.151,True,center,3.0,3.0
100.608,False,False,False,True,0.01531,0.01786,0.00787,24.151,True,center,3.0,3.0
100.64,False,False,False,True,0.01562,0.0178,0.00811,24.151,True,center,3.0,3.0
100.672,False,False,False,True,0.01575,0.0178,0.00835,24.151,True,center,3.0,3.0
100.704,False,False,False,True,0.01594,0.01761,0.00864,24.151,True,center,3.0,3.0
100.736,False,False,False,True,0.01625,0.01761,0.00888,24.15,True,center,3.0,3.0
100.768,False,False,False,True,0.01643,0.01755,0.00917,24.15,True,center,3.0,3.0
100.8,False,False,False,True,0.01668,0.01736,0.00941,24.15,True,center,3.0,3.0
100.832,False,False,False,True,0.0168,0.01705,0.00965,24.15,True,center,3.0,3.0
100.864,False,False,False,True,0.01705,0.01724,0.00982,24.15,True,center,3.0,3.0
100.896,False,False,False,True,0.01749,0.01755,0.01,24.15,True,center,3.0,3.0
100.928,False,False,False,True,0.01773,0.01736,0.01018,24.151,True,center,3.0,3.0
100.96,False,False,False,True,0.01792,0.0173,0.01042,24.151,True,center,3.0,3.0
100.992,False,False,False,True,0.01823,0.01755,0.01071,24.151,True,left,0.0,3.0
101.024,False,False,False,True,0.01724,0.0111,0.01361,24.159,True,center,3.0,3.0
101.056,False,False,False,True,0.0178,0.0124,0.01379,24.162,True,center,3.0,3.0
101.088,False,False,False,True,0.0178,0.0137,0.01391,24.166,True,center,3.0,3.0
101.12,False,False,False,True,0.01817,0.01519,0.0142,24.169,True,center,3.0,3.0
101.152,False,False,False,True,0.01854,0.01345,0.01438,24.169,True,center,3.0,3.0
101.184,False,False,False,True,0.01854,0.01184,0.01474,24.168,True,center,3.0,3.0
101.216,False,False,False,True,0.01848,0.01141,0.01509,24.167,True,center,3.0,3.0
101.248,False,False,False,True,0.01804,0.01004,0.01551,24.166,True,center,3.0,3.0
101.28,False,False,False,True,0.0178,0.0093,0.01616,24.165,True,center,3.0,3.0
101.312,False,False,False,True,0.0178,0.0088,0.01681,24.165,True,center,3.0,3.0
101.344,False,False,False,True,0.01786,0.00899,0.01728,24.165,True,center,3.0,3.0
101.376,False,False,False,True,0.00856,0.00874,0.01758,24.165,True,center,3.0,3.0
101.408,False,False,False,True,0.00862,0.00856,0.01734,24.166,True,center,3.0,3.0
101.44,False,False,False,True,0.00874,0.00775,0.01823,24.166,True,center,3.0,3.0
101.472,False,False,False,True,0.00887,0.00744,0.01793,24.166,True,center,3.0,3.0
101.504,False,False,False,True,0.00899,0.00663,0.01693,24.166,True,center,3.0,3.0
101.536,False,False,False,True,0.00849,0.0044,0.01687,24.167,True,center,3.0,3.0
101.568,False,False,False,True,0.00738,0.00322,0.01734,24.167,True,center,3.0,3.0
101.6,False,False,False,True,0.00663,0.00279,0.01746,24.167,True,center,3.0,3.0
